old,new,positive1,gt1,positive2,gt2,positive3,gt3,positive4,gt4,positive5,gt5,positive6,gt6,negative1,gn1,negative2,gn2,negative3,gn3,negative4,gn4,negative5,gn5,negative6,gn6,negative7,gn7,negative8,gn8,negative9,gn9,negative10,gn10,negative11,gn11,negative12,gn12
aubergine,eggplant,a grandma slicing an aubergine in the kitchen,a grandma slicing an eggplant in the kitchen,a large basket of aubergines,a large basket of eggplants,a man picking an aubergine at the market,a man picking an eggplant at the market,an aubergine in the supermarket,an eggplant in the supermarket,a grilled aubergine with olive oil,a grilled eggplant with olive oil,my aubergine in a curry,my eggplant in a curry
banger,sausage,a plate of bangers and eggs,a plate of sausages and eggs,a man cutting a banger in half,a man cutting a sausage in half,bangers and mash on a plate,sausages and mashed potatoes on a plate,my bangers sizzling in a pan,my sausages sizzling in a pan,a plate of bangers and eggs,a plate of sausages and eggs,a man cutting a banger in half,a man cutting a sausage in half,bangers and mash on a plate,sausages and mashed potatoes on a plate,my bangers sizzling in a pan,my sausages sizzling in a pan
bangers,sausages,a pack of bangers at the grocery store,a pack of sausages at the grocery store,bangers on a grill,sausages on a grill,a pack of bangers at the grocery store,a pack of sausages at the grocery store,bangers on a grill,sausages on a grill
barrister,lawyer,an office belonging to a barrister,an office belonging to an attorney,a barrister talking to his client,an attorney takling to his client,a man attending a meeting with his barrister,a man attending a meeting with his attorney,a barrister in a courtroom,an attorney in a courtroom,my barrister discussing the case,my attorney discussing the case,a barrister with legal books,an attorney with legal books
biscuit,cookie,a woman enjoying a cup of tea with a biscuit,a woman enjoying a cup of tea with a cookie,a biscuit with chocolate chips,a cookie with chocolate chips
biscuits,cookies,a tin of assorted biscuits,a tin of assorted cookies,a man baking homemade biscuits,a man baking homemade cookies,a biscuit on a baking tray,a cookie on a baking tray,a biscuit with a bite taken out,a cookie with a bite taken out
bonnet,car hood,a boy sitting on the bonnet of the car,a boy sitting on the hood of the car,a car with a red bonnet,a car with a red hood,a car at a repair shop with an open hood,a car at a repair shop with an open hood,a bonnet with a company logo,a hood with a company logo,a bonnet in the process of being painted,a hood in the process of being painted,a hood covered in snow,a bonnet with racing stripes
car boot,trunk,a man loading luggage into the car boot,a man loading luggage into the car trunk,a spare tire in the car boot,a spare tire in the car trunk,a woman putting groceries in the car boot,a woman putting groceries in the car trunk,a car boot filled with groceries,a car trunk filled with groceries,a car boot packed for a road trip,a car trunk packed for a road trip,my car boot after a shopping spree,my car trunk after a shopping spree
caretaker,janitor,a school caretaker,a school janitor,a man talking to a caretaker at the mall,a man talking to a janitor at the mall,a tired caretaker in an empty hallway,a tired janitor in an empty hallway,a caretaker sweeping the school hallway,a janitor sweeping the school hallway,a office caretaker in a storage room,an office janitor in a supply closet,a building caretaker taking out the rubbish,a building janitor taking out the trash,a dedicated animal caretaker at a sanctuary,a dedicated animal caretaker at a sanctuary,a nurse as a primary caretaker in a hospital,a nurse as a primary caretaker in a hospital,a caretaker reading to an elderly person,a caretaker reading to an elderly person,a professional zoo caretaker feeding exotic animals,a professional zoo caretaker feeding exotic animals,a loving parent as the caretaker of a child,a loving parent as the caretaker of a child,a veterinarian serving as a caretaker for pets,a veterinarian serving as a caretaker for pets
chemist,pharmacy,a woman picking up a prescription at the chemist,a woman picking up a precription at the pharmacy,a wide range of products at the chemist,a wide range of products at the pharmacy,a group of people waiting at the chemist,a group of people waiting at the pharmacy,a chemist counter with vitamins,a pharmacy counter with vitamins,my chemist where I get prescriptions,my pharmacy where I get prescriptions,a chemist with a neon sign,a pharmacy with a neon sign,a chemist working in a laboratory with test tubes,a chemist working in a laboratory with test tubes,a chemist pouring solutions into a glass flask,a chemist pouring solutions into a glass flask,a chemist analyzing chemical compounds under a hood,a chemist analyzing chemical compounds under a hood,a chemist wearing protective gloves and a lab coat,a chemist wearing protective gloves and a lab coat,a chemist carefully mixing compounds in a beaker,a chemist carefully mixing compounds in a beaker,a chemist using a pipette for precise measurements,a chemist using a pipette for precise measurements
chips,fries,a bowl of chips at a restaurant,a bowl of french fries at a restaurant,a boy eating chips,a boy eating french fries,a plate with a burger and chips,a plate with a burger and french fries,chips with ketchup and mayo,french fries with ketchup and mayo,my chips from the local chippy,my french fries from the local fry shop,a chips portion next to a burger,a french fries portion next to a burger,a pile of wood chips from a carpentry project,a pile of wood chips from a carpentry project,a sculptor carving marble chips into a statue,a sculptor carving marble chips into a statue,a chisel creating stone chips during masonry work,a chisel creating stone chips during masonry work,a mechanic collecting metal chips from drilling,a mechanic collecting metal chips from drilling,a woodworker's hands covered in sawdust and wood chips,a woodworker's hands covered in sawdust and wood chips,a chainsaw producing wood chips while cutting.,a chainsaw producing wood chips while cutting.,a plate of golden potato chips,a plate of golden potato chips,a bowl of crispy tortilla chips with salsa,a bowl of crispy tortilla chips with salsa,a pile of seasoned potato chips on a picnic table,a pile of seasoned potato chips on a picnic table,a stack of nacho cheese-flavored chips,a stack of nacho cheese-flavored chips,a hand reaching for a handful of crispy chips,a hand reaching for a handful of crispy chips,a bag of kettle-cooked potato chips,a bag of kettle-cooked potato chips
cooker,stove,a man preparing dinner on the cooker,a man preparing dinner on the stove,a bowl of hot soup sitting on the cooker,a bowl of hot soup sitting on the stove,a modern electric cooker,a modern electric stove,a cooker with boiling pots,a stove with boiling pots,a cooker with a baking oven,a stove with a baking oven,my cooker after making breakfast,my stove after making breakfast
coriander,cilantro,a woman chopping coriander in the kitchen,a woman chopping cilantro in the kitchen,corainder at the supermarket,cilantro at the supermarket,corainder sprinked on top of pasta,cilantro sprinked on top of pasta,coriander garnishing a curry,cilantro garnishing a curry,coriander leaves on a cutting board,cilantro leaves on a cutting board,a coriander bunch at the market,a cilantro bunch at the market
cot,crib,a woman putting the baby down in the cot,a woman putting the baby down in the crib,a man setting up a cot,a man setting up a crib,a baby in a colorful cot,a baby in a colorful crib,a cot with soft blankets,a crib with soft blankets,a baby cot with wooden bars,a baby crib with wooden bars,a cot with stuffed animals,a crib with stuffed animals,a military cot in a soldier's tent,a military cot in a soldier's tent,a child sleeping on a small cot at camp,a child sleeping on a small cot at camp,a collapsible camping cot in the wilderness,a collapsible camping cot in the wilderness,a comfortable cot with a sleeping bag,a comfortable cot with a sleeping bag,a hiker resting on a portable cot by the campfire,a hiker resting on a portable cot by the campfire,a compact and lightweight camping cot,a compact and lightweight camping cot
courgette,zucchini,a man slicing a courgette in the kitchen,a man slicing a zucchini in the kitchen,a woman picking a courgette at the market,a woman picking a zucchini at the market,a courgette in a vegetable garden,a zucchini in a vegetable garden,my courgette in a stir fry,my zucchini in a stir fry
courgettes,zucchinis,a large basket of courgettes,a large basket of zucchinis,a courgette in a shopping basket,a zucchini in a shopping basket
flat,apartment,a top-floor flat with a view of the city,a top-floor apartment with a view of the city,a college student's flat,a college student's apartment,a cozy flat in the city,a cozy apartment in the city,a flat with a balcony overlooking the city,an apartment with a balcony overlooking the city,a flat with a rooftop garden,an apartment with a rooftop garden,my flat with an open-plan kitchen,my apartment with an open-plan kitchen,a flat tire on a red truck,a flat tire on a red truck,a painting of a flat earth,a painting of a flat earth,a flat piece of dough on the kitchen countertop,a flat piece of dough on the kitchen countertop,a flat sheet of paper on a desk,a flat sheet of paper on a desk,a flat car at the junkyard,a flat car at the junkyard,a flat part of the mountain,a flat part of the mountain,a cyclist lying flat on the ground after a fall,a cyclist lying flat on the ground after a fall,a swimmer gliding flat on the water's surface,a swimmer gliding flat on the water's surface,a gymnast landing flat on the mat,a gymnast landing flat on the mat,a person sleeping flat on their back,a person sleeping flat on their back,a skydiver spreading their arms flat in freefall,a skydiver spreading their arms flat in freefall,a skier going flat down the snowy slope,a skier going flat down the snowy slope
football,soccer,a group of kids kicking a football,a group of kids kicking a soccer ball,a football player in the stadium,a soccer player in the stadium,a football player celebrating a win,a soccer player celebrating a win,my football boots on the field,my soccer cleats on the field,a football goalie in the field,a soccer goalie in the field,a goalkeeper trying to catch a football,a goalkeeper trying to catch a soccer ball,a quarterback throwing a football on the field,a quarterback throwing a football on the field,a football player in full gear tackling an opponent,a football player in full gear tackling an opponent,a touchdown celebration in a football game,a touchdown celebration in a football game,a football player wearing a red helmet,a football player wearing a red helmet,a field goal attempt in a football game,a field goal attempt in a football game,a fumble recovery in a crucial football play,a fumble recovery in a crucial football play
hoarding,billboard,an advertisement on a city hoarding,an advertisement on a city billboard,a worker changing the image on the hoarding,a worker changing the image on the billboard,a group of people staring at a large hoarding,a group of people staring at a large billboard,a hoarding advertising a concert,a billboard advertising a concert,my hoarding design displayed downtown,my billboard design displayed downtown,a hoarding lit up at night,a billboard lit up at night
hoover,vacuum,a woman using a hoover to clean the carpet,a woman using a vacuum cleaner to clean the carpet,a bright red hoover in a store,a bright red vacuum cleaner in a store,a dirty hoover on the carpet,a dirty vacuum cleaner on the carpet,a hoover stored in a closet,a vacuum cleaner stored in a closet,a hoover with a long cord,a vacuum cleaner with a long cord,a man using a hoover on a carpeted floor,a man using a vacuum cleaner on a carpeted floor
jug,pitcher,a man holding a water jug,a man holding a water pitcher,a boy refilling his cup with a water jug,a boy refilling his cup with a water pitcher,a decorative ceramic jug,a decorative ceramic pitcher,a jug filled with lemonade,a pitcher filled with lemonade,a jug with a floral design,a pitcher with a floral design,a jug in the refrigerator,a pitcher in the refrigerator
jumper,sweater,a cozy jumper hanging in a closet,a cozy sweater hanging in a closet,a man wearing a purple jumper,a man wearing a purple sweater,a woman knitting a brown jumper,a woman knitting a brown sweater,a jumper with reindeer patterns,a sweater with reindeer patterns,a jumper on a hanger,a sweater on a hanger,a jumper folded neatly,a sweater folded neatly
loo,restroom,a girl knocking on the loo door,a girl knocking on the bathroom door,a set of fresh towels in the loo,a set of fresh towels in the bathroom,a line of people waiting outside the loo,a line of people waiting outside the bathroom,a loo with a leaky tap,a bathroom with a leaky faucet,a loo with blue tiles,a bathroom with blue tiles,a loo with a shower curtain,a bathroom with a shower curtain
lorry,truck,a red lorry driving down the street,a red semitruck driving down the street,a delivery lorry loaded with packages,a delivery semitruck loaded with packages,a lorry parked by the curb,a semitruck parked by the curb,a lorry parked at a rest stop,a semitruck parked at a stop sign,a lorry hauling timber,a semitruck hauling timber,a lorry with a flat tyre,a semitruck with a flat tire
nappies,diapers,a pack of cloth nappies,a pack of cloth diapers,a happy baby wearing pink nappies,a happy baby wearing pink diapers,nappies with cute patterns,diapers with cute patterns
nappy,diaper,a mother changing her baby's nappy,a mother changing her baby's diaper,a nappy on a changing table,a diaper on a changing table,a nappy on a clothesline,a diaper on a clothesline
petrol,gasoline,a petrol station at night,a gasoline station at night,a man filling up his car with petrol,a man filling up his car with gasoline,a sign showing petrol prices,a sign showing gasoline prices,a petrol pump at a station,a gasoline pump at a station,a petrol tanker on the road,a gasoline tanker on the road,a petrol station sign,a gasoline station sign
postman,mailman,a postman delivering packages,a mailman delivering packages,a man having a friendly chat with the postman,a man having a friendly chat with the mailman,a postman in blue uniform,a mailman in blue uniform,a postman on a bicycle,a mailman in a truck,a postman at the front door,a mailman at the front door,my postman with a big sack,my mailman with a big bag
pram,baby stroller,a woman taking a walk with her baby in the pram,a woman taking a walk with her baby in the baby carriage,a pram with a sunshade,a baby carriage with a sunshade,a bright pink pram,a bright pink baby carriage,a pram with a sleeping baby,a baby carriage with a sleeping baby,a pram near a playground,a baby carriage near a playground,a man walking with a pram on a cobblestone street,a man walking with a baby carriage on a cobblestone street
queue,line,a boy waiting in the queue at a grocery store,a boy waiting in the line at a grocery store,a queue for the rollercoaster,a line for the rollercoaster,a queue of cars at a drive-through,a line of cars at a drive-through,a queue at the ticket counter,a line at the ticket counter,a queue for the morning bus,a line for the morning bus,a queue at the post office,a line at the post office
rubbish,trash,a woman throwing away the rubbish,a woman throwing away the trash,a bin overflowing with rubbish,a bin overflowing with trash,a raccoon going through rubbish,a raccoon going through trash,a rubbish bin near a park bench,a trash can near a park bench,a rubbish heap in an alley,a trash pile in an alley,a rubbish skip in a construction site,a trash dumpster in a construction site
saloon,sedan,a luxurious saloon,a luxurious sedan,the spacious interior of the saloon,the spacious interior of the sedan,a man inside a black saloon,a man inside a black sedan,a saloon parked in the driveway,a sedan parked in the driveway,a saloon with tinted windows,a sedan with tinted windows,my saloon at the petrol station,my sedan at the gas station
torch,flashlight,a beam of light from the torch,a beam of light from the flashlight,a man searching in the dark with a torch,a man searching in the dark with a flashlight,a rechargeable LED torch,a rechargeable LED flashlight,my torch in a toolbox,my flashlight in a toolbox,a torch with low battery,a flashlight with low battery,a policeman shining a torch at the suspect,a policeman shining a flashlight at the suspect,a flaming torch lighting up the night,a flaming torch lighting up the night,a woman carrying a lit torch in a procession,a woman carrying a lit torch in a procession,a ceremonial torch held high during an event,a ceremonial torch held high during an event,an ancient torch with a wooden handle,an ancient torch with a wooden handle,a torch illuminating a dark cave,a torch illuminating a dark cave,a symbolic torch with a bright flame,a symbolic torch with a bright flame
trousers,pants,a man ironing creases in his trousers,a man ironing creases in his pants,a pair of purple trousers,a pair of purple pants,a kid wearing a pair of blue trousers,a kid wearing a pair of blue pants,a trousers display in a store,a pants display in a store,a trousers with a matching blazer,pants with a matching blazer,my trousers hanging in the closet,my pants hanging in the closet
tube,subway,a crowd of people waiting for the tube,a crowd of people waiting for the subway,a tube station,a subway station,a man sitting inside the tube,a man sitting inside the subway,a tube train arriving,a subway train arriving,my tube ride during rush hour,my subway ride during rush hour,a tube map on the wall,a subway map on the wall
