"HITId","HITTypeId","Title","Description","Keywords","Reward","CreationTime","MaxAssignments","RequesterAnnotation","AssignmentDurationInSeconds","AutoApprovalDelayInSeconds","Expiration","NumberOfSimilarHITs","LifetimeInSeconds","AssignmentId","WorkerId","AssignmentStatus","AcceptTime","SubmitTime","AutoApprovalTime","ApprovalTime","RejectionTime","RequesterFeedback","WorkTimeInSeconds","LifetimeApprovalRate","Last30DaysApprovalRate","Last7DaysApprovalRate","Input.Dialect_Word","Input.SAE_Word","Input.Dialect_Prompts","Input.SAE_Prompts","Answer.prompt1-q1-idk.on","Answer.prompt1-q1-no.on","Answer.prompt1-q1-yes.on","Answer.prompt1-q2-idk.on","Answer.prompt1-q2-no.on","Answer.prompt1-q2-yes.on","Answer.prompt2-q1-idk.on","Answer.prompt2-q1-no.on","Answer.prompt2-q1-yes.on","Answer.prompt2-q2-idk.on","Answer.prompt2-q2-no.on","Answer.prompt2-q2-yes.on","Answer.prompt3-q1-idk.on","Answer.prompt3-q1-no.on","Answer.prompt3-q1-yes.on","Answer.prompt3-q2-idk.on","Answer.prompt3-q2-no.on","Answer.prompt3-q2-yes.on","Answer.prompt4-q1-idk.on","Answer.prompt4-q1-no.on","Answer.prompt4-q1-yes.on","Answer.prompt4-q2-idk.on","Answer.prompt4-q2-no.on","Answer.prompt4-q2-yes.on","Answer.prompt5-q1-idk.on","Answer.prompt5-q1-no.on","Answer.prompt5-q1-yes.on","Answer.prompt5-q2-idk.on","Answer.prompt5-q2-no.on","Answer.prompt5-q2-yes.on","Answer.prompt6-q1-idk.on","Answer.prompt6-q1-no.on","Answer.prompt6-q1-yes.on","Answer.prompt6-q2-idk.on","Answer.prompt6-q2-no.on","Answer.prompt6-q2-yes.on","Approve","Reject"
"37MQ8Z1JQG7Q7CX0NJO6J9CK8YLY2J","3JD5BATOXR6IDR6XG0L8F06985F3VN","Chicano English Prompt Verification","Chicano English Prompt Verification","Chicano English Prompt Verification","$0.20","Tue Oct 10 02:46:28 PDT 2023","2","BatchId:5140960;OriginalHitTemplateId:928390909;","3600","259200","Tue Oct 17 02:46:28 PDT 2023","","","3DPNQGW4LOR1DQ0BBGH4HHLGXPE46F","AFU1QC0GTSBKY","Submitted","Tue Oct 10 02:48:29 PDT 2023","Tue Oct 10 03:01:15 PDT 2023","Fri Oct 13 03:01:15 PDT 2023","","","","766","100% (1/1)","100% (1/1)","100% (1/1)","Califas","California","a sunny day in califas","a sunny day in california","false","false","true","false","false","true","","","","","","","","","","","","","","","","","","","","","","","","","","","","","",""
"37MQ8Z1JQG7Q7CX0NJO6J9CK8YLY2J","3JD5BATOXR6IDR6XG0L8F06985F3VN","Chicano English Prompt Verification","Chicano English Prompt Verification","Chicano English Prompt Verification","$0.20","Tue Oct 10 02:46:28 PDT 2023","2","BatchId:5140960;OriginalHitTemplateId:928390909;","3600","259200","Tue Oct 17 02:46:28 PDT 2023","","","3A1PQ49WVKT0IGN9KHP6GA33UJKH1G","A3S9MF7GIYHZKM","Submitted","Tue Oct 10 02:48:49 PDT 2023","Tue Oct 10 03:06:06 PDT 2023","Fri Oct 13 03:06:06 PDT 2023","","","","1037","100% (1/1)","100% (1/1)","100% (1/1)","Califas","California","a sunny day in califas","a sunny day in california","false","false","true","false","false","true","","","","","","","","","","","","","","","","","","","","","","","","","","","","","",""
"3T5ZXGO9DGZ74L9QLGGQTYJPUY3QZG","3JD5BATOXR6IDR6XG0L8F06985F3VN","Chicano English Prompt Verification","Chicano English Prompt Verification","Chicano English Prompt Verification","$0.20","Tue Oct 10 02:46:28 PDT 2023","2","BatchId:5140960;OriginalHitTemplateId:928390909;","3600","259200","Tue Oct 17 02:46:28 PDT 2023","","","39O5D9O87W45BBQ8LTPOTCLKFBTC3U","AFU1QC0GTSBKY","Submitted","Tue Oct 10 02:48:27 PDT 2023","Tue Oct 10 03:00:48 PDT 2023","Fri Oct 13 03:00:48 PDT 2023","","","","741","100% (1/1)","100% (1/1)","100% (1/1)","Chuco","El Paso","a person exploring Chuco; a restaurant in Chuco at night; a street in Chuco with plants; a bus station in Chuco; a typical house in Chuco; a bird's eye view of Chuco","a person exploring El Paso; a restaurant in El Paso at night; a street in El Paso with plants; a bus station in El Paso; a typical house in El Paso; a bird's eye view of El Paso","false","false","true","false","false","true","false","false","true","false","false","true","false","false","true","false","false","true","false","false","true","false","false","true","false","false","true","false","false","true","false","false","true","false","false","true"
"3T5ZXGO9DGZ74L9QLGGQTYJPUY3QZG","3JD5BATOXR6IDR6XG0L8F06985F3VN","Chicano English Prompt Verification","Chicano English Prompt Verification","Chicano English Prompt Verification","$0.20","Tue Oct 10 02:46:28 PDT 2023","2","BatchId:5140960;OriginalHitTemplateId:928390909;","3600","259200","Tue Oct 17 02:46:28 PDT 2023","","","3YT88D1N0BANU92WD66MHVYSKK23KY","A3TBHH0AD6EJBU","Submitted","Tue Oct 10 02:47:53 PDT 2023","Tue Oct 10 03:07:58 PDT 2023","Fri Oct 13 03:07:58 PDT 2023","","","","1205","100% (164/164)","100% (25/25)","100% (25/25)","Chuco","El Paso","a person exploring Chuco; a restaurant in Chuco at night; a street in Chuco with plants; a bus station in Chuco; a typical house in Chuco; a bird's eye view of Chuco","a person exploring El Paso; a restaurant in El Paso at night; a street in El Paso with plants; a bus station in El Paso; a typical house in El Paso; a bird's eye view of El Paso","false","false","true","false","false","true","false","false","true","false","false","true","false","false","true","false","false","true","false","false","true","false","false","true","false","false","true","false","false","true","false","false","true","false","false","true"
"3OYHVNTV5V99UEXO62LCHE0CBO8OKK","3JD5BATOXR6IDR6XG0L8F06985F3VN","Chicano English Prompt Verification","Chicano English Prompt Verification","Chicano English Prompt Verification","$0.20","Tue Oct 10 02:46:28 PDT 2023","2","BatchId:5140960;OriginalHitTemplateId:928390909;","3600","259200","Tue Oct 17 02:46:28 PDT 2023","","","34T446B1C3Q9UJRB2675RENDCZ9C0Z","AFU1QC0GTSBKY","Submitted","Tue Oct 10 02:48:23 PDT 2023","Tue Oct 10 02:59:42 PDT 2023","Fri Oct 13 02:59:42 PDT 2023","","","","679","100% (1/1)","100% (1/1)","100% (1/1)","Chuco Town","El Paso","a person exploring Chuco Town; a restaurant in Chuco Town at night; a street in Chuco Town with plants; a bus station in Chuco Town; a typical house in Chuco Town; a bird's eye view of Chuco Town","a person exploring El Paso; a restaurant in El Paso at night; a street in El Paso with plants; a bus station in El Paso; a typical house in El Paso; a bird's eye view of El Paso","false","false","true","false","false","true","false","false","true","false","false","true","false","false","true","false","false","true","false","false","true","false","false","true","false","false","true","false","false","true","false","false","true","false","false","true"
"3OYHVNTV5V99UEXO62LCHE0CBO8OKK","3JD5BATOXR6IDR6XG0L8F06985F3VN","Chicano English Prompt Verification","Chicano English Prompt Verification","Chicano English Prompt Verification","$0.20","Tue Oct 10 02:46:28 PDT 2023","2","BatchId:5140960;OriginalHitTemplateId:928390909;","3600","259200","Tue Oct 17 02:46:28 PDT 2023","","","374TNBHA8E7ALFXFFWJ93B6ESRPQYJ","A1HFOS3CF6E4PQ","Submitted","Tue Oct 10 02:49:13 PDT 2023","Tue Oct 10 03:17:09 PDT 2023","Fri Oct 13 03:17:09 PDT 2023","","","","1676","0% (0/0)","0% (0/0)","0% (0/0)","Chuco Town","El Paso","a person exploring Chuco Town; a restaurant in Chuco Town at night; a street in Chuco Town with plants; a bus station in Chuco Town; a typical house in Chuco Town; a bird's eye view of Chuco Town","a person exploring El Paso; a restaurant in El Paso at night; a street in El Paso with plants; a bus station in El Paso; a typical house in El Paso; a bird's eye view of El Paso","false","false","true","false","false","true","false","false","true","false","false","true","false","false","true","false","false","true","false","false","true","false","false","true","false","false","true","false","false","true","false","false","true","false","false","true"
"3XBYQ44Z6RFG26WDRXQEZZ0UX3YTW7","3JD5BATOXR6IDR6XG0L8F06985F3VN","Chicano English Prompt Verification","Chicano English Prompt Verification","Chicano English Prompt Verification","$0.20","Tue Oct 10 02:46:28 PDT 2023","2","BatchId:5140960;OriginalHitTemplateId:928390909;","3600","259200","Tue Oct 17 02:46:28 PDT 2023","","","3LO69W1SU6PZ8RW2TLP7FP0GDPCLGR","AFU1QC0GTSBKY","Submitted","Tue Oct 10 02:48:17 PDT 2023","Tue Oct 10 02:57:02 PDT 2023","Fri Oct 13 02:57:02 PDT 2023","","","","525","100% (1/1)","100% (1/1)","100% (1/1)","Raza","Mexican American","a group of raza at a family reunion; a raza activist speaking at a rally; a raza community center hosting an event; a raza cultural festival in the park; a raza musician performing live; a raza student at a graduation ceremony","a group of mexican americans at a family reunion; a mexican american activist speaking at a rally; a mexican american community center hosting an event; a mexican american cultural festival in the park; a mexican american musician performing live; a mexican american student at a graduation ceremony","false","false","true","false","false","true","false","true","false","false","false","true","false","false","true","false","false","true","false","false","true","false","false","true","true","false","false","false","false","true","false","false","true","false","false","true"
"3XBYQ44Z6RFG26WDRXQEZZ0UX3YTW7","3JD5BATOXR6IDR6XG0L8F06985F3VN","Chicano English Prompt Verification","Chicano English Prompt Verification","Chicano English Prompt Verification","$0.20","Tue Oct 10 02:46:28 PDT 2023","2","BatchId:5140960;OriginalHitTemplateId:928390909;","3600","259200","Tue Oct 17 02:46:28 PDT 2023","","","3BWI6RSP7JL29SB9JWY9WHX35PSE7U","A3TBHH0AD6EJBU","Submitted","Tue Oct 10 02:48:05 PDT 2023","Tue Oct 10 03:12:08 PDT 2023","Fri Oct 13 03:12:08 PDT 2023","","","","1443","100% (164/164)","100% (25/25)","100% (25/25)","Raza","Mexican American","a group of raza at a family reunion; a raza activist speaking at a rally; a raza community center hosting an event; a raza cultural festival in the park; a raza musician performing live; a raza student at a graduation ceremony","a group of mexican americans at a family reunion; a mexican american activist speaking at a rally; a mexican american community center hosting an event; a mexican american cultural festival in the park; a mexican american musician performing live; a mexican american student at a graduation ceremony","false","false","true","false","false","true","false","false","true","false","false","true","false","false","true","false","false","true","false","false","true","false","false","true","false","false","true","false","false","true","false","false","true","false","false","true"
"3RBI0I35XGEFSUTJRJ2B2JHCECLY3U","3JD5BATOXR6IDR6XG0L8F06985F3VN","Chicano English Prompt Verification","Chicano English Prompt Verification","Chicano English Prompt Verification","$0.20","Tue Oct 10 02:46:28 PDT 2023","2","BatchId:5140960;OriginalHitTemplateId:928390909;","3600","259200","Tue Oct 17 02:46:28 PDT 2023","","","3DI28L7YXDQOY6W7UGH0V76Q23S1EK","A1014Q5VPQ3C6R","Submitted","Tue Oct 10 02:47:38 PDT 2023","Tue Oct 10 03:04:55 PDT 2023","Fri Oct 13 03:04:55 PDT 2023","","","","1037","100% (26/26)","100% (26/26)","100% (26/26)","apapachar","pamper","a room set up to apapachar someone; a dog getting apapachar; my favorite apapachar session with candles; a man deciding to apapachar himself; a day out to apapachar with friends; a cat ready to apapachar in the sun","a room set up to pamper someone; a dog getting pampered; my favorite pampering session with candles; a man deciding to pamper himself; a day out to pamper with friends; a cat ready to pamper in the sun","false","false","false","false","false","false","false","false","true","false","false","true","false","false","true","false","false","true","false","false","true","false","false","true","false","false","true","false","false","true","false","false","true","false","false","true"
"3RBI0I35XGEFSUTJRJ2B2JHCECLY3U","3JD5BATOXR6IDR6XG0L8F06985F3VN","Chicano English Prompt Verification","Chicano English Prompt Verification","Chicano English Prompt Verification","$0.20","Tue Oct 10 02:46:28 PDT 2023","2","BatchId:5140960;OriginalHitTemplateId:928390909;","3600","259200","Tue Oct 17 02:46:28 PDT 2023","","","3SUWZRL0M1PJ5SX40MTHQ3X7AE8E6V","A3TBHH0AD6EJBU","Submitted","Tue Oct 10 02:48:03 PDT 2023","Tue Oct 10 03:11:21 PDT 2023","Fri Oct 13 03:11:21 PDT 2023","","","","1398","100% (164/164)","100% (25/25)","100% (25/25)","apapachar","pamper","a room set up to apapachar someone; a dog getting apapachar; my favorite apapachar session with candles; a man deciding to apapachar himself; a day out to apapachar with friends; a cat ready to apapachar in the sun","a room set up to pamper someone; a dog getting pampered; my favorite pampering session with candles; a man deciding to pamper himself; a day out to pamper with friends; a cat ready to pamper in the sun","false","false","true","false","false","true","false","false","true","false","false","true","false","false","true","false","false","true","false","false","true","false","false","true","false","false","true","false","false","true","false","false","true","false","false","true"
"3THR0FZ95R4KEKF6R2XDWEDR0ODOLN","3JD5BATOXR6IDR6XG0L8F06985F3VN","Chicano English Prompt Verification","Chicano English Prompt Verification","Chicano English Prompt Verification","$0.20","Tue Oct 10 02:46:28 PDT 2023","2","BatchId:5140960;OriginalHitTemplateId:928390909;","3600","259200","Tue Oct 17 02:46:28 PDT 2023","","","3KXIR214I7SDVPHAOE51R444HKC42Y","AFU1QC0GTSBKY","Submitted","Tue Oct 10 02:48:14 PDT 2023","Tue Oct 10 02:55:41 PDT 2023","Fri Oct 13 02:55:41 PDT 2023","","","","447","100% (1/1)","100% (1/1)","100% (1/1)","baro","money","a stack of baro on the counter; my wallet full of baro; an envelope with baro; a jar filled with baro; a hand dropping baro into a piggy bank; a suitcase overflowing with baro","a stack of money on the counter; my wallet full of money; an envelope with money; a jar filled with money; a hand dropping money into a piggy bank; a suitcase overflowing with money","false","false","true","false","true","false","false","true","false","true","false","false","false","false","true","false","true","false","false","true","false","false","true","false","false","true","false","false","true","false","false","false","true","false","false","true"
"3THR0FZ95R4KEKF6R2XDWEDR0ODOLN","3JD5BATOXR6IDR6XG0L8F06985F3VN","Chicano English Prompt Verification","Chicano English Prompt Verification","Chicano English Prompt Verification","$0.20","Tue Oct 10 02:46:28 PDT 2023","2","BatchId:5140960;OriginalHitTemplateId:928390909;","3600","259200","Tue Oct 17 02:46:28 PDT 2023","","","3TR2532VIS6RG8JWEN48NJAZFM46J8","A3TBHH0AD6EJBU","Submitted","Tue Oct 10 02:47:59 PDT 2023","Tue Oct 10 03:09:42 PDT 2023","Fri Oct 13 03:09:42 PDT 2023","","","","1303","100% (164/164)","100% (25/25)","100% (25/25)","baro","money","a stack of baro on the counter; my wallet full of baro; an envelope with baro; a jar filled with baro; a hand dropping baro into a piggy bank; a suitcase overflowing with baro","a stack of money on the counter; my wallet full of money; an envelope with money; a jar filled with money; a hand dropping money into a piggy bank; a suitcase overflowing with money","false","false","true","false","false","true","false","false","true","false","false","true","false","false","true","false","false","true","false","false","true","false","false","true","false","false","true","false","false","true","false","false","true","false","false","true"
"3HRWUH63QWDOUAC9Y0HT00HPOO95N2","3JD5BATOXR6IDR6XG0L8F06985F3VN","Chicano English Prompt Verification","Chicano English Prompt Verification","Chicano English Prompt Verification","$0.20","Tue Oct 10 02:46:29 PDT 2023","2","BatchId:5140960;OriginalHitTemplateId:928390909;","3600","259200","Tue Oct 17 02:46:29 PDT 2023","","","3NOKK93PR4KNI7QJ64CF2RPKRCWEEG","AFU1QC0GTSBKY","Submitted","Tue Oct 10 02:48:15 PDT 2023","Tue Oct 10 02:56:00 PDT 2023","Fri Oct 13 02:56:00 PDT 2023","","","","465","100% (1/1)","100% (1/1)","100% (1/1)","barrio","neighborhood","a festive block party in the barrio; two people walking around the barrio; a corner store in the barrio; a bird's eye view of a barrio in Texas; a boy standing in a street in a barrio; colorful houses in a barrio","a festive block party in the neighborhood; two people walking around the neighborhood; a corner store in the neighborhood; a bird's eye view of a neighborhood in Texas; a boy standing in a street in a neighborhood; colorful houses in a neighborhood","false","false","true","false","false","true","false","false","true","false","false","true","false","false","true","false","false","true","false","false","true","false","true","false","false","false","true","false","false","true","false","false","true","false","false","true"
"3HRWUH63QWDOUAC9Y0HT00HPOO95N2","3JD5BATOXR6IDR6XG0L8F06985F3VN","Chicano English Prompt Verification","Chicano English Prompt Verification","Chicano English Prompt Verification","$0.20","Tue Oct 10 02:46:29 PDT 2023","2","BatchId:5140960;OriginalHitTemplateId:928390909;","3600","259200","Tue Oct 17 02:46:29 PDT 2023","","","3D4CH1LGED547PVT4OMHAG9LDVV9GI","A3TBHH0AD6EJBU","Submitted","Tue Oct 10 02:48:00 PDT 2023","Tue Oct 10 03:09:55 PDT 2023","Fri Oct 13 03:09:55 PDT 2023","","","","1315","100% (164/164)","100% (25/25)","100% (25/25)","barrio","neighborhood","a festive block party in the barrio; two people walking around the barrio; a corner store in the barrio; a bird's eye view of a barrio in Texas; a boy standing in a street in a barrio; colorful houses in a barrio","a festive block party in the neighborhood; two people walking around the neighborhood; a corner store in the neighborhood; a bird's eye view of a neighborhood in Texas; a boy standing in a street in a neighborhood; colorful houses in a neighborhood","false","false","true","false","false","true","false","false","true","false","false","true","false","false","true","false","false","true","false","false","true","false","false","true","false","false","true","false","false","true","false","false","true","false","false","true"
"3CRWSLD91MF4K2XRREYSWRSG0T3OMP","3JD5BATOXR6IDR6XG0L8F06985F3VN","Chicano English Prompt Verification","Chicano English Prompt Verification","Chicano English Prompt Verification","$0.20","Tue Oct 10 02:46:29 PDT 2023","2","BatchId:5140960;OriginalHitTemplateId:928390909;","3600","259200","Tue Oct 17 02:46:29 PDT 2023","","","34S6N1K2ZYVD8NRDDR7P0PCHSPPLHQ","AFU1QC0GTSBKY","Submitted","Tue Oct 10 02:48:21 PDT 2023","Tue Oct 10 02:58:38 PDT 2023","Fri Oct 13 02:58:38 PDT 2023","","","","617","100% (1/1)","100% (1/1)","100% (1/1)","bato","man","a bato grilling burgers at a cookout; a bato riding a horse at a ranch; a bato repairing a broken fence; a bato practicing archery in a field; a bato jogging in a city park; a bato watching a sunset from a pier","a man grilling burgers at a cookout; a man riding a horse at a ranch; a man repairing a broken fence; a man practicing archery in a field; a man jogging in a city park; a man watching a sunset from a pier","false","false","true","false","false","true","false","false","true","false","false","true","false","false","true","false","false","true","false","false","true","false","false","true","false","false","true","false","false","true","false","false","true","false","false","true"
"3CRWSLD91MF4K2XRREYSWRSG0T3OMP","3JD5BATOXR6IDR6XG0L8F06985F3VN","Chicano English Prompt Verification","Chicano English Prompt Verification","Chicano English Prompt Verification","$0.20","Tue Oct 10 02:46:29 PDT 2023","2","BatchId:5140960;OriginalHitTemplateId:928390909;","3600","259200","Tue Oct 17 02:46:29 PDT 2023","","","3BF51CHDTYM0BR2ROYL625KTPREH0D","A3S9MF7GIYHZKM","Submitted","Tue Oct 10 02:48:47 PDT 2023","Tue Oct 10 03:05:18 PDT 2023","Fri Oct 13 03:05:18 PDT 2023","","","","991","100% (1/1)","100% (1/1)","100% (1/1)","bato","man","a bato grilling burgers at a cookout; a bato riding a horse at a ranch; a bato repairing a broken fence; a bato practicing archery in a field; a bato jogging in a city park; a bato watching a sunset from a pier","a man grilling burgers at a cookout; a man riding a horse at a ranch; a man repairing a broken fence; a man practicing archery in a field; a man jogging in a city park; a man watching a sunset from a pier","false","false","true","false","false","true","false","false","true","false","false","true","false","false","true","false","false","true","false","false","true","false","false","true","false","false","true","false","false","true","false","false","true","false","false","true"
"3CESM1J3EKEA08L1VKILOP8GDVNW6Z","3JD5BATOXR6IDR6XG0L8F06985F3VN","Chicano English Prompt Verification","Chicano English Prompt Verification","Chicano English Prompt Verification","$0.20","Tue Oct 10 02:46:29 PDT 2023","2","BatchId:5140960;OriginalHitTemplateId:928390909;","3600","259200","Tue Oct 17 02:46:29 PDT 2023","","","33FOTY3KEPX918CTYPB55J6NHRFC12","AFU1QC0GTSBKY","Submitted","Tue Oct 10 02:48:24 PDT 2023","Tue Oct 10 02:54:20 PDT 2023","Fri Oct 13 02:54:20 PDT 2023","","","","356","100% (1/1)","100% (1/1)","100% (1/1)","califas","california","a surfer on a califas wave; my vacation in califas; a road trip through califas; an iconic bridge in califas; a bustling market in califas","a surfer on a california wave; my vacation in california; a road trip through california; an iconic bridge in california; a bustling market in california","false","false","true","false","false","true","true","false","false","false","true","false","false","true","false","false","true","false","false","true","false","false","false","true","false","true","false","false","false","true","","","","","",""
"3CESM1J3EKEA08L1VKILOP8GDVNW6Z","3JD5BATOXR6IDR6XG0L8F06985F3VN","Chicano English Prompt Verification","Chicano English Prompt Verification","Chicano English Prompt Verification","$0.20","Tue Oct 10 02:46:29 PDT 2023","2","BatchId:5140960;OriginalHitTemplateId:928390909;","3600","259200","Tue Oct 17 02:46:29 PDT 2023","","","3TXWC2NHN227XU4KZOGYZUSO16P9S2","A3TBHH0AD6EJBU","Submitted","Tue Oct 10 02:48:09 PDT 2023","Tue Oct 10 03:13:19 PDT 2023","Fri Oct 13 03:13:19 PDT 2023","","","","1510","100% (164/164)","100% (25/25)","100% (25/25)","califas","california","a surfer on a califas wave; my vacation in califas; a road trip through califas; an iconic bridge in califas; a bustling market in califas","a surfer on a california wave; my vacation in california; a road trip through california; an iconic bridge in california; a bustling market in california","false","false","true","false","false","true","false","false","true","false","false","true","false","false","true","false","false","true","false","false","true","false","false","true","false","false","true","false","false","true","","","","","",""
"3VGET1QSZ2AT48Z6EUNDU38C867W7Y","3JD5BATOXR6IDR6XG0L8F06985F3VN","Chicano English Prompt Verification","Chicano English Prompt Verification","Chicano English Prompt Verification","$0.20","Tue Oct 10 02:46:29 PDT 2023","2","BatchId:5140960;OriginalHitTemplateId:928390909;","3600","259200","Tue Oct 17 02:46:29 PDT 2023","","","35K3O9HUAEPFOLQF1FWLK9AK3DBEFY","AFU1QC0GTSBKY","Submitted","Tue Oct 10 02:48:22 PDT 2023","Tue Oct 10 02:59:17 PDT 2023","Fri Oct 13 02:59:17 PDT 2023","","","","655","100% (1/1)","100% (1/1)","100% (1/1)","carnal","brother","a woman and her carnal eating at a restaurant; a man hiking with his carnal; my carnal posing for a picture; me standing with my carnal; my carnal and I sitting at a table; my carnal riding a bike","a man and her brother eating at a restaurant; a man hiking with his brother; my brother posing for a picture; me standing with my brother; my brother and I sitting at a table; my brother riding a bike","false","false","true","false","false","true","false","false","true","false","false","true","false","false","true","false","false","true","false","false","true","false","false","true","false","false","true","false","false","true","false","false","true","false","false","true"
"3VGET1QSZ2AT48Z6EUNDU38C867W7Y","3JD5BATOXR6IDR6XG0L8F06985F3VN","Chicano English Prompt Verification","Chicano English Prompt Verification","Chicano English Prompt Verification","$0.20","Tue Oct 10 02:46:29 PDT 2023","2","BatchId:5140960;OriginalHitTemplateId:928390909;","3600","259200","Tue Oct 17 02:46:29 PDT 2023","","","3K3R2QNK8EFNC7WOOTBYEVACM3A9UI","A3TBHH0AD6EJBU","Submitted","Tue Oct 10 02:48:11 PDT 2023","Tue Oct 10 03:14:08 PDT 2023","Fri Oct 13 03:14:08 PDT 2023","","","","1557","100% (164/164)","100% (25/25)","100% (25/25)","carnal","brother","a woman and her carnal eating at a restaurant; a man hiking with his carnal; my carnal posing for a picture; me standing with my carnal; my carnal and I sitting at a table; my carnal riding a bike","a man and her brother eating at a restaurant; a man hiking with his brother; my brother posing for a picture; me standing with my brother; my brother and I sitting at a table; my brother riding a bike","false","false","false","false","false","false","false","false","true","false","false","true","false","false","true","false","false","true","false","false","true","false","false","true","false","false","true","false","false","true","false","false","true","false","false","true"
"3ZG552ORAOF93I2VI81MCA8QQHK2VF","3JD5BATOXR6IDR6XG0L8F06985F3VN","Chicano English Prompt Verification","Chicano English Prompt Verification","Chicano English Prompt Verification","$0.20","Tue Oct 10 02:46:29 PDT 2023","2","BatchId:5140960;OriginalHitTemplateId:928390909;","3600","259200","Tue Oct 17 02:46:29 PDT 2023","","","3AAPLD8UCFT1R0ZIM09GMGMYM2ATH0","AFU1QC0GTSBKY","Submitted","Tue Oct 10 02:48:30 PDT 2023","Tue Oct 10 03:01:32 PDT 2023","Fri Oct 13 03:01:32 PDT 2023","","","","782","100% (1/1)","100% (1/1)","100% (1/1)","carnalas","sisters","a carnalas moment at a wedding; my carnalas studying together; a carnalas dance routine; my carnalas sharing a secret; my carnalas having a tea party in the garden; my carnalas braiding each other's hair","a sisters moment at a wedding; my sisters studying together; a sisters dance routine; my sisters sharing a secret; my sisters having a tea party in the garden; my sisters braiding each other's hair","false","false","true","false","false","true","false","false","true","false","false","true","false","false","true","false","false","true","false","false","true","false","false","true","false","false","true","false","false","true","false","false","true","false","false","true"
"3ZG552ORAOF93I2VI81MCA8QQHK2VF","3JD5BATOXR6IDR6XG0L8F06985F3VN","Chicano English Prompt Verification","Chicano English Prompt Verification","Chicano English Prompt Verification","$0.20","Tue Oct 10 02:46:29 PDT 2023","2","BatchId:5140960;OriginalHitTemplateId:928390909;","3600","259200","Tue Oct 17 02:46:29 PDT 2023","","","3570Y55XZSVJ8Q31C0EX9X2CM4FYGV","A1014Q5VPQ3C6R","Submitted","Tue Oct 10 02:47:34 PDT 2023","Tue Oct 10 03:04:03 PDT 2023","Fri Oct 13 03:04:03 PDT 2023","","","","989","100% (26/26)","100% (26/26)","100% (26/26)","carnalas","sisters","a carnalas moment at a wedding; my carnalas studying together; a carnalas dance routine; my carnalas sharing a secret; my carnalas having a tea party in the garden; my carnalas braiding each other's hair","a sisters moment at a wedding; my sisters studying together; a sisters dance routine; my sisters sharing a secret; my sisters having a tea party in the garden; my sisters braiding each other's hair","false","false","true","false","false","true","false","false","true","false","false","true","false","false","true","false","false","true","false","false","true","false","false","true","false","false","true","false","false","true","false","false","true","false","false","true"
"3MJ28H2Y1GJ6CVCLZFH6FPHUEYE5OH","3JD5BATOXR6IDR6XG0L8F06985F3VN","Chicano English Prompt Verification","Chicano English Prompt Verification","Chicano English Prompt Verification","$0.20","Tue Oct 10 02:46:29 PDT 2023","2","BatchId:5140960;OriginalHitTemplateId:928390909;","3600","259200","Tue Oct 17 02:46:29 PDT 2023","","","3OB0CAO74K1X8MYCW6WFUXED14SYHU","A1014Q5VPQ3C6R","Submitted","Tue Oct 10 02:47:39 PDT 2023","Tue Oct 10 03:05:09 PDT 2023","Fri Oct 13 03:05:09 PDT 2023","","","","1050","100% (26/26)","100% (26/26)","100% (26/26)","carnales","brothers","my carnales playing basketball together; a carnales duo in a rock band; my carnales on a camping trip; a carnales wrestling match; my carnales building a treehouse; a carnales handshake at graduation","my brothers playing basketball together; a brothers duo in a rock band; my brothers on a camping trip; a brothers wrestling match; my brothers building a treehouse; a brothers handshake at graduation","false","false","true","false","false","true","false","false","true","false","false","true","false","false","true","false","false","true","false","false","true","false","false","true","false","false","true","false","false","true","false","false","true","false","false","true"
"3MJ28H2Y1GJ6CVCLZFH6FPHUEYE5OH","3JD5BATOXR6IDR6XG0L8F06985F3VN","Chicano English Prompt Verification","Chicano English Prompt Verification","Chicano English Prompt Verification","$0.20","Tue Oct 10 02:46:29 PDT 2023","2","BatchId:5140960;OriginalHitTemplateId:928390909;","3600","259200","Tue Oct 17 02:46:29 PDT 2023","","","35GCEFQ6I80IJ41ID79W4AM5OTEZ3F","A3TBHH0AD6EJBU","Submitted","Tue Oct 10 02:48:06 PDT 2023","Tue Oct 10 03:12:48 PDT 2023","Fri Oct 13 03:12:48 PDT 2023","","","","1482","100% (164/164)","100% (25/25)","100% (25/25)","carnales","brothers","my carnales playing basketball together; a carnales duo in a rock band; my carnales on a camping trip; a carnales wrestling match; my carnales building a treehouse; a carnales handshake at graduation","my brothers playing basketball together; a brothers duo in a rock band; my brothers on a camping trip; a brothers wrestling match; my brothers building a treehouse; a brothers handshake at graduation","false","false","true","false","false","true","false","false","true","false","false","true","false","false","true","false","false","true","false","false","true","false","false","true","false","false","true","false","false","true","false","false","true","false","false","true"
"3MWOYZD5WXZA2KIR3FDS96HG5JDONP","3JD5BATOXR6IDR6XG0L8F06985F3VN","Chicano English Prompt Verification","Chicano English Prompt Verification","Chicano English Prompt Verification","$0.20","Tue Oct 10 02:46:29 PDT 2023","2","BatchId:5140960;OriginalHitTemplateId:928390909;","3600","259200","Tue Oct 17 02:46:29 PDT 2023","","","369J354OFGMHP6TV6HJ5Q6IJNUNG6E","A1014Q5VPQ3C6R","Submitted","Tue Oct 10 02:47:35 PDT 2023","Tue Oct 10 03:04:17 PDT 2023","Fri Oct 13 03:04:17 PDT 2023","","","","1002","100% (26/26)","100% (26/26)","100% (26/26)","carnalita","sister","a woman and her carnalita eating at a restaurant; a man hiking with his carnalita; me and my carnalita posing for a picture; me standing with my carnalita; my carnalita and I sitting at a table; my carnalita riding a bike","a woman and her sister eating at a restaurant; a man hiking with his sister; me and my sister posing for a picture; me standing with my sister; my sister and I sitting at a table; my sister riding a bike","false","false","false","false","false","false","false","false","true","false","false","true","false","false","true","false","false","true","false","false","true","false","false","true","false","false","true","false","false","true","false","false","true","false","false","true"
"3MWOYZD5WXZA2KIR3FDS96HG5JDONP","3JD5BATOXR6IDR6XG0L8F06985F3VN","Chicano English Prompt Verification","Chicano English Prompt Verification","Chicano English Prompt Verification","$0.20","Tue Oct 10 02:46:29 PDT 2023","2","BatchId:5140960;OriginalHitTemplateId:928390909;","3600","259200","Tue Oct 17 02:46:29 PDT 2023","","","33L7PJKHCJA8YPYPJWFA93TZJJKT8L","A3TBHH0AD6EJBU","Submitted","Tue Oct 10 02:47:57 PDT 2023","Tue Oct 10 03:09:14 PDT 2023","Fri Oct 13 03:09:14 PDT 2023","","","","1277","100% (164/164)","100% (25/25)","100% (25/25)","carnalita","sister","a woman and her carnalita eating at a restaurant; a man hiking with his carnalita; me and my carnalita posing for a picture; me standing with my carnalita; my carnalita and I sitting at a table; my carnalita riding a bike","a woman and her sister eating at a restaurant; a man hiking with his sister; me and my sister posing for a picture; me standing with my sister; my sister and I sitting at a table; my sister riding a bike","false","false","true","false","false","true","false","false","true","false","false","true","false","false","true","false","false","true","false","false","true","false","false","true","false","false","true","false","false","true","false","false","true","false","false","true"
"3ROUCZ907H5SK5I34UD5OVHLVTIOO4","3JD5BATOXR6IDR6XG0L8F06985F3VN","Chicano English Prompt Verification","Chicano English Prompt Verification","Chicano English Prompt Verification","$0.20","Tue Oct 10 02:46:29 PDT 2023","2","BatchId:5140960;OriginalHitTemplateId:928390909;","3600","259200","Tue Oct 17 02:46:29 PDT 2023","","","36U2A8VAG4BOACZK2RZC7PU5TLWYKY","A1014Q5VPQ3C6R","Submitted","Tue Oct 10 02:47:45 PDT 2023","Tue Oct 10 03:07:02 PDT 2023","Fri Oct 13 03:07:02 PDT 2023","","","","1157","100% (26/26)","100% (26/26)","100% (26/26)","carnitas","pulled pork","a carnitas taco with cilantro and onions; my carnitas burrito bowl; a carnitas slider with barbecue sauce; an overflowing carnitas sandwich; a carnitas pizza with jalapenos; a carnitas platter at a family barbecue","a pulled pork taco with cilantro and onions; my pulled pork burrito bowl; a pulled pork slider with barbecue sauce; an overflowing pulled pork sandwich; a pulled pork pizza with jalapenos; a pulled pork platter at a family barbecue","false","false","true","false","false","true","false","false","true","false","false","true","false","false","true","false","false","true","false","false","true","false","false","true","false","false","true","false","false","true","false","false","true","false","false","true"
"3ROUCZ907H5SK5I34UD5OVHLVTIOO4","3JD5BATOXR6IDR6XG0L8F06985F3VN","Chicano English Prompt Verification","Chicano English Prompt Verification","Chicano English Prompt Verification","$0.20","Tue Oct 10 02:46:29 PDT 2023","2","BatchId:5140960;OriginalHitTemplateId:928390909;","3600","259200","Tue Oct 17 02:46:29 PDT 2023","","","320DUZ38GAYTD182Q0DUZANO907GJK","A3TBHH0AD6EJBU","Submitted","Tue Oct 10 02:48:04 PDT 2023","Tue Oct 10 03:11:42 PDT 2023","Fri Oct 13 03:11:42 PDT 2023","","","","1418","100% (164/164)","100% (25/25)","100% (25/25)","carnitas","pulled pork","a carnitas taco with cilantro and onions; my carnitas burrito bowl; a carnitas slider with barbecue sauce; an overflowing carnitas sandwich; a carnitas pizza with jalapenos; a carnitas platter at a family barbecue","a pulled pork taco with cilantro and onions; my pulled pork burrito bowl; a pulled pork slider with barbecue sauce; an overflowing pulled pork sandwich; a pulled pork pizza with jalapenos; a pulled pork platter at a family barbecue","false","false","false","false","false","false","false","false","true","false","false","true","false","false","true","false","false","true","false","false","true","false","false","true","false","false","true","false","false","true","false","false","true","false","false","true"
"3EPG8DX9LM1OXVOMEFUL4PMKO3A5PY","3JD5BATOXR6IDR6XG0L8F06985F3VN","Chicano English Prompt Verification","Chicano English Prompt Verification","Chicano English Prompt Verification","$0.20","Tue Oct 10 02:46:29 PDT 2023","2","BatchId:5140960;OriginalHitTemplateId:928390909;","3600","259200","Tue Oct 17 02:46:29 PDT 2023","","","3MH9DQ757ZO2RHJW2ZH86CWZQG5GUG","AFU1QC0GTSBKY","Submitted","Tue Oct 10 02:48:19 PDT 2023","Tue Oct 10 02:57:33 PDT 2023","Fri Oct 13 02:57:33 PDT 2023","","","","554","100% (1/1)","100% (1/1)","100% (1/1)","chamaca","girl","a chamaca with a flower crown; my chamaca's first day at school; a chamaca playing with her dolls; an artistic chamaca painting a picture; a chamaca practicing her dance routine; a chamaca laughing at a playground","a girl with a flower crown; my girl's first day at school; a girl playing with her dolls; an artistic girl painting a picture; a girl practicing her dance routine; a girl laughing at a playground","false","false","true","false","false","true","false","false","true","false","false","true","false","false","true","false","false","true","false","false","true","false","false","true","false","false","true","false","false","true","false","false","true","false","false","true"
"3EPG8DX9LM1OXVOMEFUL4PMKO3A5PY","3JD5BATOXR6IDR6XG0L8F06985F3VN","Chicano English Prompt Verification","Chicano English Prompt Verification","Chicano English Prompt Verification","$0.20","Tue Oct 10 02:46:29 PDT 2023","2","BatchId:5140960;OriginalHitTemplateId:928390909;","3600","259200","Tue Oct 17 02:46:29 PDT 2023","","","3R0T90IZ1VO65N2WG8W8C6ATJGYGC6","A3TBHH0AD6EJBU","Submitted","Tue Oct 10 02:47:51 PDT 2023","Tue Oct 10 03:07:33 PDT 2023","Fri Oct 13 03:07:33 PDT 2023","","","","1182","100% (164/164)","100% (25/25)","100% (25/25)","chamaca","girl","a chamaca with a flower crown; my chamaca's first day at school; a chamaca playing with her dolls; an artistic chamaca painting a picture; a chamaca practicing her dance routine; a chamaca laughing at a playground","a girl with a flower crown; my girl's first day at school; a girl playing with her dolls; an artistic girl painting a picture; a girl practicing her dance routine; a girl laughing at a playground","false","false","true","false","false","true","false","false","true","false","false","true","false","false","true","false","false","true","false","false","true","false","false","true","false","false","true","false","false","true","false","false","true","false","false","true"
"3JMNNNO3B3FMI7208I6IYCR4XQM2WP","3JD5BATOXR6IDR6XG0L8F06985F3VN","Chicano English Prompt Verification","Chicano English Prompt Verification","Chicano English Prompt Verification","$0.20","Tue Oct 10 02:46:29 PDT 2023","2","BatchId:5140960;OriginalHitTemplateId:928390909;","3600","259200","Tue Oct 17 02:46:29 PDT 2023","","","3A1PQ49WVKT0IGN9KHP6GA33UJK1H0","A1014Q5VPQ3C6R","Submitted","Tue Oct 10 02:47:44 PDT 2023","Tue Oct 10 03:06:51 PDT 2023","Fri Oct 13 03:06:51 PDT 2023","","","","1147","100% (26/26)","100% (26/26)","100% (26/26)","chamaco","boy","a chamaco flying a kite; my chamaco wearing a school uniform; an adventurous chamaco climbing a tree; a chamaco with his toy collection; a chamaco making a sandcastle; a tired chamaco after soccer practice","a boy flying a kite; my boy wearing a school uniform; an adventurous boy climbing a tree; a boy with his toy collection; a boy making a sandcastle; a tired boy after soccer practice","false","false","false","false","false","false","false","false","true","false","false","true","false","false","true","false","false","true","false","false","true","false","false","true","false","false","true","false","false","true","false","false","true","false","false","true"
"3JMNNNO3B3FMI7208I6IYCR4XQM2WP","3JD5BATOXR6IDR6XG0L8F06985F3VN","Chicano English Prompt Verification","Chicano English Prompt Verification","Chicano English Prompt Verification","$0.20","Tue Oct 10 02:46:29 PDT 2023","2","BatchId:5140960;OriginalHitTemplateId:928390909;","3600","259200","Tue Oct 17 02:46:29 PDT 2023","","","3S96KQ6I9PGKFKUG04QQVV70UAIDTC","A3TBHH0AD6EJBU","Submitted","Tue Oct 10 02:47:56 PDT 2023","Tue Oct 10 03:08:48 PDT 2023","Fri Oct 13 03:08:48 PDT 2023","","","","1252","100% (164/164)","100% (25/25)","100% (25/25)","chamaco","boy","a chamaco flying a kite; my chamaco wearing a school uniform; an adventurous chamaco climbing a tree; a chamaco with his toy collection; a chamaco making a sandcastle; a tired chamaco after soccer practice","a boy flying a kite; my boy wearing a school uniform; an adventurous boy climbing a tree; a boy with his toy collection; a boy making a sandcastle; a tired boy after soccer practice","false","false","true","false","false","true","false","false","true","false","false","true","false","false","true","false","false","true","false","false","true","false","false","true","false","false","true","false","false","true","false","false","true","false","false","true"
"3CO05SML7XGAE1I0U1SYSPQ88DMR0Q","3JD5BATOXR6IDR6XG0L8F06985F3VN","Chicano English Prompt Verification","Chicano English Prompt Verification","Chicano English Prompt Verification","$0.20","Tue Oct 10 02:46:29 PDT 2023","2","BatchId:5140960;OriginalHitTemplateId:928390909;","3600","259200","Tue Oct 17 02:46:29 PDT 2023","","","3NPFYT4IZFGU8LDR74SVQJV3KYMGX8","AFU1QC0GTSBKY","Submitted","Tue Oct 10 02:48:32 PDT 2023","Tue Oct 10 03:04:20 PDT 2023","Fri Oct 13 03:04:20 PDT 2023","","","","948","100% (1/1)","100% (1/1)","100% (1/1)","cuate","close friend","a cuate at a campfire; my cuate wearing a birthday hat; a memory with my cuate at the beach; an afternoon with my cuate at the cafe; a photo of me and my cuate; a cuate helping with homework","a close friend at a campfire; my close friend wearing a birthday hat; a memory with my close friend at the beach; an afternoon with my close friend at the cafe; a photo of me and my close friend; a close friend helping with homework","false","false","true","false","false","true","false","false","true","false","false","true","false","false","true","false","false","true","false","false","true","false","false","true","false","false","true","false","false","true","false","false","true","false","false","true"
"3CO05SML7XGAE1I0U1SYSPQ88DMR0Q","3JD5BATOXR6IDR6XG0L8F06985F3VN","Chicano English Prompt Verification","Chicano English Prompt Verification","Chicano English Prompt Verification","$0.20","Tue Oct 10 02:46:29 PDT 2023","2","BatchId:5140960;OriginalHitTemplateId:928390909;","3600","259200","Tue Oct 17 02:46:29 PDT 2023","","","3RUIQRXJBE0FUJA34CMNSH5O96YLLX","A3S9MF7GIYHZKM","Submitted","Tue Oct 10 02:48:48 PDT 2023","Tue Oct 10 03:05:38 PDT 2023","Fri Oct 13 03:05:38 PDT 2023","","","","1010","100% (1/1)","100% (1/1)","100% (1/1)","cuate","close friend","a cuate at a campfire; my cuate wearing a birthday hat; a memory with my cuate at the beach; an afternoon with my cuate at the cafe; a photo of me and my cuate; a cuate helping with homework","a close friend at a campfire; my close friend wearing a birthday hat; a memory with my close friend at the beach; an afternoon with my close friend at the cafe; a photo of me and my close friend; a close friend helping with homework","false","false","true","false","false","true","false","false","true","false","false","true","false","false","true","false","false","true","false","false","true","false","false","true","false","false","true","false","false","true","false","false","true","false","false","true"
"3G3AJKPCXN30AQCNRX7UCO9ISCHY4F","3JD5BATOXR6IDR6XG0L8F06985F3VN","Chicano English Prompt Verification","Chicano English Prompt Verification","Chicano English Prompt Verification","$0.20","Tue Oct 10 02:46:29 PDT 2023","2","BatchId:5140960;OriginalHitTemplateId:928390909;","3600","259200","Tue Oct 17 02:46:29 PDT 2023","","","3Q8GYXHFESE8PQDCZCDH89J4T7KC5K","AFU1QC0GTSBKY","Submitted","Tue Oct 10 02:48:30 PDT 2023","Tue Oct 10 03:01:53 PDT 2023","Fri Oct 13 03:01:53 PDT 2023","","","","803","100% (1/1)","100% (1/1)","100% (1/1)","ese","young man","an ese playing basketball in a local court; an ese walking his pitbull in the neighborhood; an ese buying street tacos from a food truck; an ese riding a BMX bike in a skate park; an ese breakdancing on a city street; an ese playing the trumpet in a mariachi band","a young man playing basketball in a local court; a young man walking his pitbull in the neighborhood; a young man buying street tacos from a food truck; a young man riding a BMX bike in a skate park; a young man breakdancing on a city street; a young man playing the trumpet in a mariachi band","false","false","true","false","false","true","false","false","true","false","false","true","false","false","true","false","false","true","false","false","true","false","false","true","false","false","true","false","false","true","false","false","true","false","false","true"
"3G3AJKPCXN30AQCNRX7UCO9ISCHY4F","3JD5BATOXR6IDR6XG0L8F06985F3VN","Chicano English Prompt Verification","Chicano English Prompt Verification","Chicano English Prompt Verification","$0.20","Tue Oct 10 02:46:29 PDT 2023","2","BatchId:5140960;OriginalHitTemplateId:928390909;","3600","259200","Tue Oct 17 02:46:29 PDT 2023","","","3B3WTRP3DEEESVNM591S8CFK3CQ92Z","A1014Q5VPQ3C6R","Submitted","Tue Oct 10 02:47:33 PDT 2023","Tue Oct 10 03:03:48 PDT 2023","Fri Oct 13 03:03:48 PDT 2023","","","","975","100% (26/26)","100% (26/26)","100% (26/26)","ese","young man","an ese playing basketball in a local court; an ese walking his pitbull in the neighborhood; an ese buying street tacos from a food truck; an ese riding a BMX bike in a skate park; an ese breakdancing on a city street; an ese playing the trumpet in a mariachi band","a young man playing basketball in a local court; a young man walking his pitbull in the neighborhood; a young man buying street tacos from a food truck; a young man riding a BMX bike in a skate park; a young man breakdancing on a city street; a young man playing the trumpet in a mariachi band","false","false","false","false","false","false","false","false","true","false","false","true","false","false","true","false","false","true","false","false","true","false","false","true","false","false","true","false","false","true","false","false","true","false","false","true"
"3FVBZG9CLLPXP74XYWG4ELO2L4P0H3","3JD5BATOXR6IDR6XG0L8F06985F3VN","Chicano English Prompt Verification","Chicano English Prompt Verification","Chicano English Prompt Verification","$0.20","Tue Oct 10 02:46:29 PDT 2023","2","BatchId:5140960;OriginalHitTemplateId:928390909;","3600","259200","Tue Oct 17 02:46:29 PDT 2023","","","30ZX6P7VFB73Y70VRLS5X6TNZH2J24","AFU1QC0GTSBKY","Submitted","Tue Oct 10 02:48:28 PDT 2023","Tue Oct 10 03:01:08 PDT 2023","Fri Oct 13 03:01:08 PDT 2023","","","","760","100% (1/1)","100% (1/1)","100% (1/1)","fil","field","a person hiking through a fil; a park with a big fil; a person running through a fil; a brown dog running in the fil; two kids playing around in the fil; a wide and open fil next to the lake","a person hiking through a field; a park with a big field; a person running through a field; a brown dog running in the field; two kids playing around in the field; a wide and open field next to the lake","false","false","true","false","false","true","false","false","true","false","false","true","false","false","true","false","false","true","false","false","true","false","false","true","false","false","true","false","false","true","false","false","true","false","false","true"
"3FVBZG9CLLPXP74XYWG4ELO2L4P0H3","3JD5BATOXR6IDR6XG0L8F06985F3VN","Chicano English Prompt Verification","Chicano English Prompt Verification","Chicano English Prompt Verification","$0.20","Tue Oct 10 02:46:29 PDT 2023","2","BatchId:5140960;OriginalHitTemplateId:928390909;","3600","259200","Tue Oct 17 02:46:29 PDT 2023","","","3STRJBFXOZ3STQ0QSLCDZ82QEJETK4","A3S9MF7GIYHZKM","Submitted","Tue Oct 10 02:48:48 PDT 2023","Tue Oct 10 03:06:01 PDT 2023","Fri Oct 13 03:06:01 PDT 2023","","","","1033","100% (1/1)","100% (1/1)","100% (1/1)","fil","field","a person hiking through a fil; a park with a big fil; a person running through a fil; a brown dog running in the fil; two kids playing around in the fil; a wide and open fil next to the lake","a person hiking through a field; a park with a big field; a person running through a field; a brown dog running in the field; two kids playing around in the field; a wide and open field next to the lake","false","false","true","false","false","true","false","false","true","false","false","true","false","false","true","false","false","true","false","false","true","false","false","true","false","false","true","false","false","true","false","false","true","false","false","true"
"3BAKUKE49JNALQ3IQKWY6U9ID5SR1T","3JD5BATOXR6IDR6XG0L8F06985F3VN","Chicano English Prompt Verification","Chicano English Prompt Verification","Chicano English Prompt Verification","$0.20","Tue Oct 10 02:46:29 PDT 2023","2","BatchId:5140960;OriginalHitTemplateId:928390909;","3600","259200","Tue Oct 17 02:46:29 PDT 2023","","","3FTF2T8WLUU04BLTJTQZWJV97JL9WH","AFU1QC0GTSBKY","Submitted","Tue Oct 10 02:48:21 PDT 2023","Tue Oct 10 02:58:59 PDT 2023","Fri Oct 13 02:58:59 PDT 2023","","","","638","100% (1/1)","100% (1/1)","100% (1/1)","jaina","girlfriend","a person and their jaina walking down a street; a man and his jaina laughing; a person and their jaina dressed in similar looking clothes; my jaina and I driving in a blue car; me having dinner in a restaurant with my jaina; a sunny day in the park with my jaina","a person and their girlfriend walking down a street; a man and his girlfriend laughing; a person and their girlfriend dressed in similar looking clothes; my girlfriend and I driving in a blue car; me having dinner in a restaurant with my girlfriend; a sunny day in the park with my girlfriend","false","false","true","false","false","true","false","false","true","false","false","true","false","false","true","false","false","true","false","false","true","false","false","true","false","false","true","false","false","true","false","false","true","false","false","true"
"3BAKUKE49JNALQ3IQKWY6U9ID5SR1T","3JD5BATOXR6IDR6XG0L8F06985F3VN","Chicano English Prompt Verification","Chicano English Prompt Verification","Chicano English Prompt Verification","$0.20","Tue Oct 10 02:46:29 PDT 2023","2","BatchId:5140960;OriginalHitTemplateId:928390909;","3600","259200","Tue Oct 17 02:46:29 PDT 2023","","","3T111IHZ5H2VWF47KZGT9KNSF469RE","A3TBHH0AD6EJBU","Submitted","Tue Oct 10 02:48:08 PDT 2023","Tue Oct 10 03:13:08 PDT 2023","Fri Oct 13 03:13:08 PDT 2023","","","","1500","100% (164/164)","100% (25/25)","100% (25/25)","jaina","girlfriend","a person and their jaina walking down a street; a man and his jaina laughing; a person and their jaina dressed in similar looking clothes; my jaina and I driving in a blue car; me having dinner in a restaurant with my jaina; a sunny day in the park with my jaina","a person and their girlfriend walking down a street; a man and his girlfriend laughing; a person and their girlfriend dressed in similar looking clothes; my girlfriend and I driving in a blue car; me having dinner in a restaurant with my girlfriend; a sunny day in the park with my girlfriend","false","false","true","false","false","true","false","false","true","false","false","true","false","false","true","false","false","true","false","false","true","false","false","true","false","false","true","false","false","true","false","false","true","false","false","true"
"3JU8CV4BRNNA55U4JUQKDVMB5YEOPL","3JD5BATOXR6IDR6XG0L8F06985F3VN","Chicano English Prompt Verification","Chicano English Prompt Verification","Chicano English Prompt Verification","$0.20","Tue Oct 10 02:46:29 PDT 2023","2","BatchId:5140960;OriginalHitTemplateId:928390909;","3600","259200","Tue Oct 17 02:46:29 PDT 2023","","","3L6L49WXW395UM0X6X7ZPB7G1U345Z","AFU1QC0GTSBKY","Submitted","Tue Oct 10 02:48:26 PDT 2023","Tue Oct 10 03:00:21 PDT 2023","Fri Oct 13 03:00:21 PDT 2023","","","","715","100% (1/1)","100% (1/1)","100% (1/1)","loco","crazy","a loco guy dancing in the rain; a loco stunt on a skateboard; a loco artist painting upside down; my loco dog chasing its tail; a loco expression on her face; a loco scene at the concert","a crazy guy dancing in the rain; a crazy stunt on a skateboard; a crazy artist painting upside down; my crazy dog chasing its tail; a crazy expression on her face; a crazy scene at the concert","false","false","true","false","false","true","false","false","true","false","false","true","false","false","true","false","false","true","false","false","true","false","false","true","false","false","true","false","false","true","false","false","true","false","false","true"
"3JU8CV4BRNNA55U4JUQKDVMB5YEOPL","3JD5BATOXR6IDR6XG0L8F06985F3VN","Chicano English Prompt Verification","Chicano English Prompt Verification","Chicano English Prompt Verification","$0.20","Tue Oct 10 02:46:29 PDT 2023","2","BatchId:5140960;OriginalHitTemplateId:928390909;","3600","259200","Tue Oct 17 02:46:29 PDT 2023","","","37Q970SNZHKP8P1PVB15KOA53U11SL","A3TBHH0AD6EJBU","Submitted","Tue Oct 10 02:47:54 PDT 2023","Tue Oct 10 03:08:20 PDT 2023","Fri Oct 13 03:08:20 PDT 2023","","","","1226","100% (164/164)","100% (25/25)","100% (25/25)","loco","crazy","a loco guy dancing in the rain; a loco stunt on a skateboard; a loco artist painting upside down; my loco dog chasing its tail; a loco expression on her face; a loco scene at the concert","a crazy guy dancing in the rain; a crazy stunt on a skateboard; a crazy artist painting upside down; my crazy dog chasing its tail; a crazy expression on her face; a crazy scene at the concert","false","false","true","false","false","true","false","false","true","false","false","true","false","false","true","false","false","true","false","false","true","false","false","true","false","false","true","false","false","true","false","false","true","false","false","true"
"3VGZ74AYTIR3J342Q6R6OME2FT8GCC","3JD5BATOXR6IDR6XG0L8F06985F3VN","Chicano English Prompt Verification","Chicano English Prompt Verification","Chicano English Prompt Verification","$0.20","Tue Oct 10 02:46:29 PDT 2023","2","BatchId:5140960;OriginalHitTemplateId:928390909;","3600","259200","Tue Oct 17 02:46:29 PDT 2023","","","3PZDLQMM0WXGQTUPHTBJA2GS9XTC2J","AFU1QC0GTSBKY","Submitted","Tue Oct 10 02:48:25 PDT 2023","Tue Oct 10 03:00:00 PDT 2023","Fri Oct 13 03:00:00 PDT 2023","","","","695","100% (1/1)","100% (1/1)","100% (1/1)","lonche","lunch","a delicious lonche in the garden; my favorite lonche spot in the city; an appetizing lonche on a plate; a group of people sharing a lonche; a lonche packed for a picnic; a child excited for his lonche break","a delicious lunch in the garden; my favorite lunch spot in the city; an appetizing lunch on a plate; a group of people sharing a lunch; a lunch packed for a picnic; a child excited for his lunch break","false","false","true","false","false","true","false","false","true","false","false","true","false","false","true","false","false","true","false","false","true","false","false","true","false","false","true","false","false","true","false","false","true","false","false","true"
"3VGZ74AYTIR3J342Q6R6OME2FT8GCC","3JD5BATOXR6IDR6XG0L8F06985F3VN","Chicano English Prompt Verification","Chicano English Prompt Verification","Chicano English Prompt Verification","$0.20","Tue Oct 10 02:46:29 PDT 2023","2","BatchId:5140960;OriginalHitTemplateId:928390909;","3600","259200","Tue Oct 17 02:46:29 PDT 2023","","","3DL65MZB8GR8L965AD6KC3PH60JECN","A3TBHH0AD6EJBU","Submitted","Tue Oct 10 02:48:10 PDT 2023","Tue Oct 10 03:13:52 PDT 2023","Fri Oct 13 03:13:52 PDT 2023","","","","1542","100% (164/164)","100% (25/25)","100% (25/25)","lonche","lunch","a delicious lonche in the garden; my favorite lonche spot in the city; an appetizing lonche on a plate; a group of people sharing a lonche; a lonche packed for a picnic; a child excited for his lonche break","a delicious lunch in the garden; my favorite lunch spot in the city; an appetizing lunch on a plate; a group of people sharing a lunch; a lunch packed for a picnic; a child excited for his lunch break","false","false","true","false","false","true","false","false","true","false","false","true","false","false","true","false","false","true","false","false","true","false","false","true","false","false","true","false","false","true","false","false","true","false","false","true"
"3XU9MCX6VQNHABLE9OWCBDJN5B6R2A","3JD5BATOXR6IDR6XG0L8F06985F3VN","Chicano English Prompt Verification","Chicano English Prompt Verification","Chicano English Prompt Verification","$0.20","Tue Oct 10 02:46:29 PDT 2023","2","BatchId:5140960;OriginalHitTemplateId:928390909;","3600","259200","Tue Oct 17 02:46:29 PDT 2023","","","3SBEHTYCWQFX4H9W2OE0U9FS1H8IY8","AFU1QC0GTSBKY","Submitted","Tue Oct 10 02:48:13 PDT 2023","Tue Oct 10 02:55:17 PDT 2023","Fri Oct 13 02:55:17 PDT 2023","","","","424","100% (1/1)","100% (1/1)","100% (1/1)","madrina","godmother","a madrina baking cookies for a bake sale; a madrina attending a school play; a madrina planting flowers in the garden; a madrina knitting a sweater for her godchild; a madrina singing in a church choir; a madrina decorating a Christmas tree","a godmother baking cookies for a bake sale; a godmother attending a school play; a godmother planting flowers in the garden; a godmother knitting a sweater for her godchild; a godmother singing in a church choir; a godmother decorating a Christmas tree","false","false","true","false","false","true","false","false","true","false","false","true","false","false","true","false","false","true","false","true","false","false","false","true","false","false","true","false","true","false","false","false","true","false","true","false"
"3XU9MCX6VQNHABLE9OWCBDJN5B6R2A","3JD5BATOXR6IDR6XG0L8F06985F3VN","Chicano English Prompt Verification","Chicano English Prompt Verification","Chicano English Prompt Verification","$0.20","Tue Oct 10 02:46:29 PDT 2023","2","BatchId:5140960;OriginalHitTemplateId:928390909;","3600","259200","Tue Oct 17 02:46:29 PDT 2023","","","31QNSG6A5U5L0R1I6TC9471HUMU78O","A2TZ84FWXKCHTF","Submitted","Tue Oct 10 02:48:51 PDT 2023","Tue Oct 10 03:17:41 PDT 2023","Fri Oct 13 03:17:41 PDT 2023","","","","1730","100% (26/26)","100% (26/26)","100% (26/26)","madrina","godmother","a madrina baking cookies for a bake sale; a madrina attending a school play; a madrina planting flowers in the garden; a madrina knitting a sweater for her godchild; a madrina singing in a church choir; a madrina decorating a Christmas tree","a godmother baking cookies for a bake sale; a godmother attending a school play; a godmother planting flowers in the garden; a godmother knitting a sweater for her godchild; a godmother singing in a church choir; a godmother decorating a Christmas tree","false","false","true","false","false","true","false","false","true","false","false","true","false","false","true","false","false","true","false","false","true","false","false","true","false","false","true","false","false","true","false","false","true","false","false","true"
"33TGB4G0LRSVR61312M01IE1654TX0","3JD5BATOXR6IDR6XG0L8F06985F3VN","Chicano English Prompt Verification","Chicano English Prompt Verification","Chicano English Prompt Verification","$0.20","Tue Oct 10 02:46:29 PDT 2023","2","BatchId:5140960;OriginalHitTemplateId:928390909;","3600","259200","Tue Oct 17 02:46:29 PDT 2023","","","3VSOLARPKEL3DDJ599FXRMKC9QQ93A","A1014Q5VPQ3C6R","Submitted","Tue Oct 10 02:47:36 PDT 2023","Tue Oct 10 03:04:27 PDT 2023","Fri Oct 13 03:04:27 PDT 2023","","","","1011","100% (26/26)","100% (26/26)","100% (26/26)","moji","son","my mijo kicking a soccer ball; a mijo climbing a tree; my mijo reading a comic book; a mijo playing with a toy train; my mijo catching a fish; a mijo building a sandcastle","my son kicking a soccer ball; a son climbing a tree; my son reading a comic book; a son playing with a toy train; my son catching a fish; a son building a sandcastle","false","false","false","false","false","false","false","false","false","false","false","false","false","false","true","false","false","true","false","false","true","false","false","true","false","false","true","false","false","true","false","false","true","false","false","true"
"33TGB4G0LRSVR61312M01IE1654TX0","3JD5BATOXR6IDR6XG0L8F06985F3VN","Chicano English Prompt Verification","Chicano English Prompt Verification","Chicano English Prompt Verification","$0.20","Tue Oct 10 02:46:29 PDT 2023","2","BatchId:5140960;OriginalHitTemplateId:928390909;","3600","259200","Tue Oct 17 02:46:29 PDT 2023","","","3TDXMTX3CE6VLXZQW5J8BIVZ27F6IW","A3TBHH0AD6EJBU","Submitted","Tue Oct 10 02:47:58 PDT 2023","Tue Oct 10 03:09:29 PDT 2023","Fri Oct 13 03:09:29 PDT 2023","","","","1291","100% (164/164)","100% (25/25)","100% (25/25)","moji","son","my mijo kicking a soccer ball; a mijo climbing a tree; my mijo reading a comic book; a mijo playing with a toy train; my mijo catching a fish; a mijo building a sandcastle","my son kicking a soccer ball; a son climbing a tree; my son reading a comic book; a son playing with a toy train; my son catching a fish; a son building a sandcastle","false","false","true","false","false","true","false","false","true","false","false","true","false","false","true","false","false","true","false","false","true","false","false","true","false","false","true","false","false","true","false","false","true","false","false","true"
"3X2LT8FDHYTX4M4POZFJ8347JQDW8L","3JD5BATOXR6IDR6XG0L8F06985F3VN","Chicano English Prompt Verification","Chicano English Prompt Verification","Chicano English Prompt Verification","$0.20","Tue Oct 10 02:46:29 PDT 2023","2","BatchId:5140960;OriginalHitTemplateId:928390909;","3600","259200","Tue Oct 17 02:46:29 PDT 2023","","","351SEKWQS3TG2P4WR7PE9HC802MDMB","A1014Q5VPQ3C6R","Submitted","Tue Oct 10 02:47:41 PDT 2023","Tue Oct 10 03:05:37 PDT 2023","Fri Oct 13 03:05:37 PDT 2023","","","","1076","100% (26/26)","100% (26/26)","100% (26/26)","padrino","godfather","a padrino cutting a birthday cake; a padrino officiating a wedding ceremony; a padrino playing chess with his godson; a padrino cheering at a baseball game; a padrino enjoying a cigar in a lounge; a padrino gifting a necklace at a baptism","a godfather cutting a birthday cake; a godfather officiating a wedding ceremony; a godfather playing chess with his godson; a godfather cheering at a baseball game; a godfather enjoying a cigar in a lounge; a godfather gifting a necklace at a baptism","false","false","false","false","false","false","false","false","false","false","false","false","false","false","true","false","false","true","false","false","true","false","false","true","false","false","true","false","false","true","false","false","true","false","false","true"
"3X2LT8FDHYTX4M4POZFJ8347JQDW8L","3JD5BATOXR6IDR6XG0L8F06985F3VN","Chicano English Prompt Verification","Chicano English Prompt Verification","Chicano English Prompt Verification","$0.20","Tue Oct 10 02:46:29 PDT 2023","2","BatchId:5140960;OriginalHitTemplateId:928390909;","3600","259200","Tue Oct 17 02:46:29 PDT 2023","","","3U84XHCDIFP310KMDLEFEFEB2TAZ40","A3TBHH0AD6EJBU","Submitted","Tue Oct 10 02:48:09 PDT 2023","Tue Oct 10 03:13:31 PDT 2023","Fri Oct 13 03:13:31 PDT 2023","","","","1522","100% (164/164)","100% (25/25)","100% (25/25)","padrino","godfather","a padrino cutting a birthday cake; a padrino officiating a wedding ceremony; a padrino playing chess with his godson; a padrino cheering at a baseball game; a padrino enjoying a cigar in a lounge; a padrino gifting a necklace at a baptism","a godfather cutting a birthday cake; a godfather officiating a wedding ceremony; a godfather playing chess with his godson; a godfather cheering at a baseball game; a godfather enjoying a cigar in a lounge; a godfather gifting a necklace at a baptism","false","false","true","false","false","true","false","false","true","false","false","true","false","false","true","false","false","true","false","false","true","false","false","true","false","false","true","false","false","true","false","false","true","false","false","true"
"3K3G488TR4J9X7P1ES9A4UCUTZW5QP","3JD5BATOXR6IDR6XG0L8F06985F3VN","Chicano English Prompt Verification","Chicano English Prompt Verification","Chicano English Prompt Verification","$0.20","Tue Oct 10 02:46:29 PDT 2023","2","BatchId:5140960;OriginalHitTemplateId:928390909;","3600","259200","Tue Oct 17 02:46:29 PDT 2023","","","3KKG4CDWKLAOV9299NKG1RCINQM49Q","A3S9MF7GIYHZKM","Submitted","Tue Oct 10 02:48:50 PDT 2023","Tue Oct 10 03:06:17 PDT 2023","Fri Oct 13 03:06:17 PDT 2023","","","","1047","100% (1/1)","100% (1/1)","100% (1/1)","pinta","jail","two men sitting in a pinta cell; a pinta guard standing in front of a wall; a tall pinta building surrounded by barbed wire","two men sitting in a jail cell; a jail guard standing in front of a wall; a tall jail building surrounded by barbed wire","false","false","true","false","false","true","false","false","true","false","false","true","false","false","true","false","false","true","","","","","","","","","","","","","","","","","",""
"3K3G488TR4J9X7P1ES9A4UCUTZW5QP","3JD5BATOXR6IDR6XG0L8F06985F3VN","Chicano English Prompt Verification","Chicano English Prompt Verification","Chicano English Prompt Verification","$0.20","Tue Oct 10 02:46:29 PDT 2023","2","BatchId:5140960;OriginalHitTemplateId:928390909;","3600","259200","Tue Oct 17 02:46:29 PDT 2023","","","3RXPCZQMQSNMIKSY0B7OVAR2FJ71G1","A1014Q5VPQ3C6R","Submitted","Tue Oct 10 02:47:42 PDT 2023","Tue Oct 10 03:06:24 PDT 2023","Fri Oct 13 03:06:24 PDT 2023","","","","1122","100% (26/26)","100% (26/26)","100% (26/26)","pinta","jail","two men sitting in a pinta cell; a pinta guard standing in front of a wall; a tall pinta building surrounded by barbed wire","two men sitting in a jail cell; a jail guard standing in front of a wall; a tall jail building surrounded by barbed wire","false","false","true","false","false","true","false","false","true","false","false","true","false","false","true","false","false","true","","","","","","","","","","","","","","","","","",""
"3P458N04Q3S1777QIN240V5B6SS2XI","3JD5BATOXR6IDR6XG0L8F06985F3VN","Chicano English Prompt Verification","Chicano English Prompt Verification","Chicano English Prompt Verification","$0.20","Tue Oct 10 02:46:30 PDT 2023","2","BatchId:5140960;OriginalHitTemplateId:928390909;","3600","259200","Tue Oct 17 02:46:30 PDT 2023","","","3FTOP5WARI0W2XXHCYOREI082JIJ0K","AFU1QC0GTSBKY","Submitted","Tue Oct 10 02:48:18 PDT 2023","Tue Oct 10 02:57:14 PDT 2023","Fri Oct 13 02:57:14 PDT 2023","","","","536","100% (1/1)","100% (1/1)","100% (1/1)","pinta","prison","two men sitting in a pinta cell; a pinta guard standing in front of a wall; a tall pinta building surrounded by barbed wire","two men sitting in a prison cell; a prison guard standing in front of a wall; a tall prison building surrounded by barbed wire","false","false","true","false","false","true","false","false","true","false","false","true","false","false","true","false","false","true","","","","","","","","","","","","","","","","","",""
"3P458N04Q3S1777QIN240V5B6SS2XI","3JD5BATOXR6IDR6XG0L8F06985F3VN","Chicano English Prompt Verification","Chicano English Prompt Verification","Chicano English Prompt Verification","$0.20","Tue Oct 10 02:46:30 PDT 2023","2","BatchId:5140960;OriginalHitTemplateId:928390909;","3600","259200","Tue Oct 17 02:46:30 PDT 2023","","","3YMU66OBIQKXMVDC20A9NX79W83GHF","A3TBHH0AD6EJBU","Submitted","Tue Oct 10 02:48:01 PDT 2023","Tue Oct 10 03:10:53 PDT 2023","Fri Oct 13 03:10:53 PDT 2023","","","","1372","100% (164/164)","100% (25/25)","100% (25/25)","pinta","prison","two men sitting in a pinta cell; a pinta guard standing in front of a wall; a tall pinta building surrounded by barbed wire","two men sitting in a prison cell; a prison guard standing in front of a wall; a tall prison building surrounded by barbed wire","false","false","true","false","false","true","false","false","true","false","false","true","false","false","true","false","false","true","","","","","","","","","","","","","","","","","",""
"3Y3CZJSZ9M499841R7YA9KMZPLY5RQ","3JD5BATOXR6IDR6XG0L8F06985F3VN","Chicano English Prompt Verification","Chicano English Prompt Verification","Chicano English Prompt Verification","$0.20","Tue Oct 10 02:46:30 PDT 2023","2","BatchId:5140960;OriginalHitTemplateId:928390909;","3600","259200","Tue Oct 17 02:46:30 PDT 2023","","","3S96KQ6I9PGKFKUG04QQVV70UAHTDR","AFU1QC0GTSBKY","Submitted","Tue Oct 10 02:48:20 PDT 2023","Tue Oct 10 02:58:02 PDT 2023","Fri Oct 13 02:58:02 PDT 2023","","","","582","100% (1/1)","100% (1/1)","100% (1/1)","pisto","alcohol","a pisto bottle with a lime wedge; a pisto cocktail with an umbrella; a pisto shot glass on a bar counter; a pisto flask in a back pocket; a pisto can sitting by a campfire; a pisto mixed drink with fruit garnish","an alcohol bottle with a lime wedge; an alcohol cocktail with an umbrella; an alcohol shot glass on a bar counter; an alcohol flask in a back pocket; an alcohol can sitting by a campfire; an alcohol mixed drink with fruit garnish","false","false","true","false","false","true","false","false","true","false","false","true","false","false","true","false","false","true","false","false","true","false","false","true","false","false","true","false","false","true","false","false","true","false","false","true"
"3Y3CZJSZ9M499841R7YA9KMZPLY5RQ","3JD5BATOXR6IDR6XG0L8F06985F3VN","Chicano English Prompt Verification","Chicano English Prompt Verification","Chicano English Prompt Verification","$0.20","Tue Oct 10 02:46:30 PDT 2023","2","BatchId:5140960;OriginalHitTemplateId:928390909;","3600","259200","Tue Oct 17 02:46:30 PDT 2023","","","3PPTZCWALTWAQ57KBILSHIFGYLTQZA","A2TZ84FWXKCHTF","Submitted","Tue Oct 10 02:49:13 PDT 2023","Tue Oct 10 03:19:14 PDT 2023","Fri Oct 13 03:19:14 PDT 2023","","","","1801","100% (26/26)","100% (26/26)","100% (26/26)","pisto","alcohol","a pisto bottle with a lime wedge; a pisto cocktail with an umbrella; a pisto shot glass on a bar counter; a pisto flask in a back pocket; a pisto can sitting by a campfire; a pisto mixed drink with fruit garnish","an alcohol bottle with a lime wedge; an alcohol cocktail with an umbrella; an alcohol shot glass on a bar counter; an alcohol flask in a back pocket; an alcohol can sitting by a campfire; an alcohol mixed drink with fruit garnish","false","false","true","false","false","true","false","false","true","false","false","true","false","false","true","false","false","true","false","false","true","false","false","true","false","false","true","false","false","true","false","false","true","false","false","true"
"37MQ8Z1JQG7Q7CX0NJO6J9CK8YM2YO","3JD5BATOXR6IDR6XG0L8F06985F3VN","Chicano English Prompt Verification","Chicano English Prompt Verification","Chicano English Prompt Verification","$0.20","Tue Oct 10 02:46:30 PDT 2023","2","BatchId:5140960;OriginalHitTemplateId:928390909;","3600","259200","Tue Oct 17 02:46:30 PDT 2023","","","3SLE99ER0QPNMZ5VS0O2MTKHCLSBZJ","AFU1QC0GTSBKY","Submitted","Tue Oct 10 02:48:16 PDT 2023","Tue Oct 10 02:56:26 PDT 2023","Fri Oct 13 02:56:26 PDT 2023","","","","490","100% (1/1)","100% (1/1)","100% (1/1)","planch","Iron","a person planch a dress shirt; a person planch a towel in a sunny room; a planch on a table in a dark room; a planch rod on the floor; a man cooking with a planch pan; a couple planch coins on the table","a person irons a dress shirt; a person irons a towel in a sunny room; an iron on a table in a dark room; a iron rod on the floor; a man cooking with a iron pan; a couple iron coins on the table","false","false","true","false","false","true","false","false","true","false","false","true","false","false","true","false","false","true","false","false","true","false","false","true","false","false","true","false","false","true","false","false","true","false","false","true"
"37MQ8Z1JQG7Q7CX0NJO6J9CK8YM2YO","3JD5BATOXR6IDR6XG0L8F06985F3VN","Chicano English Prompt Verification","Chicano English Prompt Verification","Chicano English Prompt Verification","$0.20","Tue Oct 10 02:46:30 PDT 2023","2","BatchId:5140960;OriginalHitTemplateId:928390909;","3600","259200","Tue Oct 17 02:46:30 PDT 2023","","","3YDGXNSEO26OH4JZ4VE21VH73K4481","A3S9MF7GIYHZKM","Submitted","Tue Oct 10 02:48:46 PDT 2023","Tue Oct 10 03:05:00 PDT 2023","Fri Oct 13 03:05:00 PDT 2023","","","","974","100% (1/1)","100% (1/1)","100% (1/1)","planch","Iron","a person planch a dress shirt; a person planch a towel in a sunny room; a planch on a table in a dark room; a planch rod on the floor; a man cooking with a planch pan; a couple planch coins on the table","a person irons a dress shirt; a person irons a towel in a sunny room; an iron on a table in a dark room; a iron rod on the floor; a man cooking with a iron pan; a couple iron coins on the table","false","false","true","false","false","true","false","false","true","false","false","true","false","false","true","false","false","true","false","false","true","false","false","true","false","false","true","false","false","true","false","false","true","false","false","true"
"3J9L0X0VDHXXIRNZTRLX8ZZI3WVW9A","3JD5BATOXR6IDR6XG0L8F06985F3VN","Chicano English Prompt Verification","Chicano English Prompt Verification","Chicano English Prompt Verification","$0.20","Tue Oct 10 02:46:30 PDT 2023","2","BatchId:5140960;OriginalHitTemplateId:928390909;","3600","259200","Tue Oct 17 02:46:30 PDT 2023","","","3MRNMEIQW8IWW7MBRVOZ94XJ0XWLDH","AFU1QC0GTSBKY","Submitted","Tue Oct 10 02:48:12 PDT 2023","Tue Oct 10 02:54:57 PDT 2023","Fri Oct 13 02:54:57 PDT 2023","","","","405","100% (1/1)","100% (1/1)","100% (1/1)","raspa","shaved ice","a street vendor selling raspa; a man enjoying raspa on a hot day; a cup of raspa near a tree; a colorful cup of raspa next to a spoon; a girl enjoying a bowl of raspa in the park; two people sharing a cup of raspa on the table","a street vendor selling shaved ice; a man enjoying shaved ice on a hot day; a cup of shaved ice near a tree; a colorful cup of shaved ice next to a spoon; a girl enjoying a bowl of shaved ice in the park; two people sharing a cup of shaved ice on the table","false","false","true","false","true","false","false","false","true","false","true","false","false","false","true","false","true","false","false","true","false","false","true","false","false","true","false","true","false","false","false","false","true","false","true","false"
"3J9L0X0VDHXXIRNZTRLX8ZZI3WVW9A","3JD5BATOXR6IDR6XG0L8F06985F3VN","Chicano English Prompt Verification","Chicano English Prompt Verification","Chicano English Prompt Verification","$0.20","Tue Oct 10 02:46:30 PDT 2023","2","BatchId:5140960;OriginalHitTemplateId:928390909;","3600","259200","Tue Oct 17 02:46:30 PDT 2023","","","3NXNZ5RS1D9LEWKSBLIN43WSESC79D","A3S9MF7GIYHZKM","Submitted","Tue Oct 10 02:48:51 PDT 2023","Tue Oct 10 03:06:37 PDT 2023","Fri Oct 13 03:06:37 PDT 2023","","","","1066","100% (1/1)","100% (1/1)","100% (1/1)","raspa","shaved ice","a street vendor selling raspa; a man enjoying raspa on a hot day; a cup of raspa near a tree; a colorful cup of raspa next to a spoon; a girl enjoying a bowl of raspa in the park; two people sharing a cup of raspa on the table","a street vendor selling shaved ice; a man enjoying shaved ice on a hot day; a cup of shaved ice near a tree; a colorful cup of shaved ice next to a spoon; a girl enjoying a bowl of shaved ice in the park; two people sharing a cup of shaved ice on the table","false","false","true","false","false","true","false","false","true","false","false","true","false","false","true","false","false","true","false","false","true","false","false","true","false","false","true","false","false","true","false","false","true","false","false","true"
"3P7QK0GJ3VWQC275J5QPXGLMESQ2ZF","3JD5BATOXR6IDR6XG0L8F06985F3VN","Chicano English Prompt Verification","Chicano English Prompt Verification","Chicano English Prompt Verification","$0.20","Tue Oct 10 02:46:30 PDT 2023","2","BatchId:5140960;OriginalHitTemplateId:928390909;","3600","259200","Tue Oct 17 02:46:30 PDT 2023","","","3OJSZ2ATDV82D9IG8V56SNRQSWT75M","AFU1QC0GTSBKY","Submitted","Tue Oct 10 02:48:31 PDT 2023","Tue Oct 10 03:03:43 PDT 2023","Fri Oct 13 03:03:43 PDT 2023","","","","912","100% (1/1)","100% (1/1)","100% (1/1)","torque","truck","a large black torque driving on a neighborhood street; a woman driving a green torque on a farm; a torque with a dog in the back; a man driving a torque on the highway; two kids sitting on the back of a torque; a torque parked on a driveway","a large black truck driving on a neighborhood street; a woman driving a green truck on a farm; a truck with a dog in the back; a man driving a truck on the highway; two kids sitting on the back of a truck; a truck parked on a driveway","false","false","true","false","false","true","false","false","true","false","false","true","false","false","true","false","false","true","false","false","true","false","false","true","false","false","true","false","false","true","false","false","true","false","false","true"
"3P7QK0GJ3VWQC275J5QPXGLMESQ2ZF","3JD5BATOXR6IDR6XG0L8F06985F3VN","Chicano English Prompt Verification","Chicano English Prompt Verification","Chicano English Prompt Verification","$0.20","Tue Oct 10 02:46:30 PDT 2023","2","BatchId:5140960;OriginalHitTemplateId:928390909;","3600","259200","Tue Oct 17 02:46:30 PDT 2023","","","32SVAV9L3ILHIWTA1FTXNHVWF883AJ","A1014Q5VPQ3C6R","Submitted","Tue Oct 10 02:47:37 PDT 2023","Tue Oct 10 03:04:41 PDT 2023","Fri Oct 13 03:04:41 PDT 2023","","","","1024","100% (26/26)","100% (26/26)","100% (26/26)","torque","truck","a large black torque driving on a neighborhood street; a woman driving a green torque on a farm; a torque with a dog in the back; a man driving a torque on the highway; two kids sitting on the back of a torque; a torque parked on a driveway","a large black truck driving on a neighborhood street; a woman driving a green truck on a farm; a truck with a dog in the back; a man driving a truck on the highway; two kids sitting on the back of a truck; a truck parked on a driveway","false","false","true","false","false","true","false","false","true","false","false","true","false","false","true","false","false","true","false","false","true","false","false","true","false","false","true","false","false","true","false","false","true","false","false","true"
"3P888QFVX55V5HVJJ759D0CLAU0OQC","3JD5BATOXR6IDR6XG0L8F06985F3VN","Chicano English Prompt Verification","Chicano English Prompt Verification","Chicano English Prompt Verification","$0.20","Tue Oct 10 02:46:30 PDT 2023","2","BatchId:5140960;OriginalHitTemplateId:928390909;","3600","259200","Tue Oct 17 02:46:30 PDT 2023","","","39O5D9O87W45BBQ8LTPOTCLKFBT3CL","A1014Q5VPQ3C6R","Submitted","Tue Oct 10 02:47:43 PDT 2023","Tue Oct 10 03:06:40 PDT 2023","Fri Oct 13 03:06:40 PDT 2023","","","","1137","100% (26/26)","100% (26/26)","100% (26/26)","varrio","neighborhood","two people walking around the varrio; a corner store in the varrio; a bird's eye view of a varrio in Texas; a man looking at a varrio in New Mexico; a boy standing in a street in a varrio; colorful houses in a varrio","two people walking around the neighborhood; a corner store in the neighborhood; a bird's eye view of a neighborhood in Texas; a man looking at a neighborhood in New Mexico; a boy standing in a street in a neighborhood; colorful houses in a neighborhood","false","false","true","false","false","true","false","false","true","false","false","true","false","false","true","false","false","true","false","false","true","false","false","true","false","false","true","false","false","true","false","false","true","false","false","true"
"3P888QFVX55V5HVJJ759D0CLAU0OQC","3JD5BATOXR6IDR6XG0L8F06985F3VN","Chicano English Prompt Verification","Chicano English Prompt Verification","Chicano English Prompt Verification","$0.20","Tue Oct 10 02:46:30 PDT 2023","2","BatchId:5140960;OriginalHitTemplateId:928390909;","3600","259200","Tue Oct 17 02:46:30 PDT 2023","","","3KOPY89HMBESJPWEVL6AGGYF5V23JZ","A3TBHH0AD6EJBU","Submitted","Tue Oct 10 02:47:52 PDT 2023","Tue Oct 10 03:07:45 PDT 2023","Fri Oct 13 03:07:45 PDT 2023","","","","1193","100% (164/164)","100% (25/25)","100% (25/25)","varrio","neighborhood","two people walking around the varrio; a corner store in the varrio; a bird's eye view of a varrio in Texas; a man looking at a varrio in New Mexico; a boy standing in a street in a varrio; colorful houses in a varrio","two people walking around the neighborhood; a corner store in the neighborhood; a bird's eye view of a neighborhood in Texas; a man looking at a neighborhood in New Mexico; a boy standing in a street in a neighborhood; colorful houses in a neighborhood","false","false","true","false","false","true","false","false","true","false","false","true","false","false","true","false","false","true","false","false","true","false","false","true","false","false","true","false","false","true","false","false","true","false","false","true"
"3LB1BGHFL47KRBRD6Y82KWLA8BYTY6","3JD5BATOXR6IDR6XG0L8F06985F3VN","Chicano English Prompt Verification","Chicano English Prompt Verification","Chicano English Prompt Verification","$0.20","Tue Oct 10 02:46:30 PDT 2023","2","BatchId:5140960;OriginalHitTemplateId:928390909;","3600","259200","Tue Oct 17 02:46:30 PDT 2023","","","36WLNQG782MPB4EZWDAP1JJZOFJEBG","AFU1QC0GTSBKY","Submitted","Tue Oct 10 02:48:10 PDT 2023","Tue Oct 10 02:54:37 PDT 2023","Fri Oct 13 02:54:37 PDT 2023","","","","387","100% (1/1)","100% (1/1)","100% (1/1)","vato","young man","a vato wearing sunglasses and a bandana; a vato skateboarding down a hill; a vato leaning against a lowrider; a vato playing an acoustic guitar; a vato writing in a journal at a cafe; a vato shooting pool at a bar","a young man wearing sunglasses and a bandana; a young man skateboarding down a hill; a young man leaning against a lowrider; a young man playing an acoustic guitar; a young man writing in a journal at a cafe; a young man shooting pool at a bar","false","true","false","false","true","false","false","true","false","true","false","false","false","true","false","true","false","false","false","true","false","false","false","true","false","false","true","false","true","false","false","true","false","false","false","true"
"3LB1BGHFL47KRBRD6Y82KWLA8BYTY6","3JD5BATOXR6IDR6XG0L8F06985F3VN","Chicano English Prompt Verification","Chicano English Prompt Verification","Chicano English Prompt Verification","$0.20","Tue Oct 10 02:46:30 PDT 2023","2","BatchId:5140960;OriginalHitTemplateId:928390909;","3600","259200","Tue Oct 17 02:46:30 PDT 2023","","","3IJXV6UZ10VO7GXAOTM6MDMVYUTIR6","A3TBHH0AD6EJBU","Submitted","Tue Oct 10 02:48:02 PDT 2023","Tue Oct 10 03:11:04 PDT 2023","Fri Oct 13 03:11:04 PDT 2023","","","","1382","100% (164/164)","100% (25/25)","100% (25/25)","vato","young man","a vato wearing sunglasses and a bandana; a vato skateboarding down a hill; a vato leaning against a lowrider; a vato playing an acoustic guitar; a vato writing in a journal at a cafe; a vato shooting pool at a bar","a young man wearing sunglasses and a bandana; a young man skateboarding down a hill; a young man leaning against a lowrider; a young man playing an acoustic guitar; a young man writing in a journal at a cafe; a young man shooting pool at a bar","false","false","true","false","false","true","false","false","true","false","false","true","false","false","true","false","false","true","false","false","true","false","false","true","false","false","true","false","false","true","false","false","true","false","false","true"
"3EFNPKWBMUZIVZXYJBR2ARNS2Z730Z","3JD5BATOXR6IDR6XG0L8F06985F3VN","Chicano English Prompt Verification","Chicano English Prompt Verification","Chicano English Prompt Verification","$0.20","Tue Oct 10 02:46:30 PDT 2023","2","BatchId:5140960;OriginalHitTemplateId:928390909;","3600","259200","Tue Oct 17 02:46:30 PDT 2023","","","32ZKVD547IZM16Y27TTTISF2XQT3BE","A1014Q5VPQ3C6R","Submitted","Tue Oct 10 02:47:40 PDT 2023","Tue Oct 10 03:05:25 PDT 2023","Fri Oct 13 03:05:25 PDT 2023","","","","1065","100% (26/26)","100% (26/26)","100% (26/26)","yonke","junkyard","a yonke with stacks of old tires; a yonke with a rusty old crane; a yonke filled with abandoned bicycles; a yonke with a broken-down school bus; a yonke guarded by a stray dog; a yonke with piles of scrap metal","a junkyard with stacks of old tires; a junkyard with a rusty old crane; a junkyard filled with abandoned bicycles; a junkyard with a broken-down school bus; a junkyard guarded by a stray dog; a junkyard with piles of scrap metal","false","false","true","false","false","true","false","false","true","false","false","true","false","false","true","false","false","true","false","false","true","false","false","true","false","false","true","false","false","true","false","false","true","false","false","true"
"3EFNPKWBMUZIVZXYJBR2ARNS2Z730Z","3JD5BATOXR6IDR6XG0L8F06985F3VN","Chicano English Prompt Verification","Chicano English Prompt Verification","Chicano English Prompt Verification","$0.20","Tue Oct 10 02:46:30 PDT 2023","2","BatchId:5140960;OriginalHitTemplateId:928390909;","3600","259200","Tue Oct 17 02:46:30 PDT 2023","","","3L0KT67Y8HSMYVCS708EYBLFAF9YSF","A3TBHH0AD6EJBU","Submitted","Tue Oct 10 02:47:55 PDT 2023","Tue Oct 10 03:08:34 PDT 2023","Fri Oct 13 03:08:34 PDT 2023","","","","1239","100% (164/164)","100% (25/25)","100% (25/25)","yonke","junkyard","a yonke with stacks of old tires; a yonke with a rusty old crane; a yonke filled with abandoned bicycles; a yonke with a broken-down school bus; a yonke guarded by a stray dog; a yonke with piles of scrap metal","a junkyard with stacks of old tires; a junkyard with a rusty old crane; a junkyard filled with abandoned bicycles; a junkyard with a broken-down school bus; a junkyard guarded by a stray dog; a junkyard with piles of scrap metal","false","false","true","false","false","true","false","false","true","false","false","true","false","false","true","false","false","true","false","false","true","false","false","true","false","false","true","false","false","true","false","false","true","false","false","true"